dataset,model_family,seed,depth,setting,constraint,method,valid,abstained,cost_l1,cost_l2,sparsity,plausibility,utility,regret,route_accuracy,runtime_sec,chosen_alpha,projection_route
adult,tree,7,3,covariate_shift,r2_realistic,cascade_exact_auto,1.0,0.0,2.0,1.4142135623730951,2.0,2.40321568752665,2.4604823531289974,0.0,1.0,0.0666013111347436,1.0,1.0
adult,tree,7,3,covariate_shift,r2_realistic,exact_tree_milp,1.0,0.0,2.000000037439588,1.4142135623730954,2.0,2.4032156892799232,2.4604823908315763,3.7702578738042625e-08,0.0,0.09217423335131672,-1.0,0.0
adult,tree,7,3,covariate_shift,r2_realistic,fixed_blend,1.0,0.0,2.0,1.4142135623730951,2.0,2.40321568752665,2.4604823531289974,0.0,1.0,9.244450161026583e-06,1.0,1.0
adult,tree,7,3,covariate_shift,r2_realistic,fixed_blend_no_repair,1.0,0.0,2.0,1.4142135623730951,2.0,2.40321568752665,2.4604823531289974,0.0,1.0,4.455557144764397e-06,1.0,1.0
adult,tree,7,3,covariate_shift,r2_realistic,knn_mean_k5,1.0,0.0,6.3079890963358745,2.4382071948431,7.833333333333333,1.706164575426961,6.955580449316585,4.495098096187587,,1.1333354955746067e-06,0.0,0.0
adult,tree,7,3,covariate_shift,r2_realistic,learned_alpha,1.0,0.0,2.0749555004797005,1.4172830276635697,4.444444444444445,2.393825394932285,2.656251531941765,0.19576917881276756,0.7777777777777778,0.0002753333279138638,0.9609091159611993,0.2777777777777778
adult,tree,7,3,covariate_shift,r2_realistic,learned_router,1.0,0.0,2.0,1.4142135623730951,2.0,2.40321568752665,2.4604823531289974,0.0,1.0,9.244450161026583e-06,1.0,1.0
adult,tree,7,3,covariate_shift,r2_realistic,learned_router_no_geometry,1.0,0.0,2.0,1.4142135623730951,2.0,2.40321568752665,2.4604823531289974,0.0,1.0,9.244450161026583e-06,1.0,1.0
adult,tree,7,3,covariate_shift,r2_realistic,learned_router_no_shift,1.0,0.0,2.0,1.4142135623730951,2.0,2.40321568752665,2.4604823531289974,0.0,1.0,9.244450161026583e-06,1.0,1.0
adult,tree,7,3,covariate_shift,r2_realistic,nn_positive_train,1.0,0.0,6.212592565448485,2.390409679189043,7.611111111111111,1.8605710503728987,6.872233778559976,4.411751425430978,,9.66674027343591e-07,0.0,0.0
adult,tree,7,3,covariate_shift,r2_realistic,projection_only,1.0,0.0,2.0,1.4142135623730951,2.0,2.40321568752665,2.4604823531289974,0.0,1.0,9.244450161026583e-06,1.0,1.0
adult,tree,7,3,covariate_shift,r2_realistic,rule_router,1.0,0.0,2.0,1.4142135623730951,2.0,2.40321568752665,2.4604823531289974,0.0,1.0,9.244450161026583e-06,1.0,1.0
adult,tree,7,3,covariate_shift,r2_realistic,safe_router,1.0,0.0,2.0,1.4142135623730951,2.0,2.40321568752665,2.4604823531289974,0.0,1.0,9.244450161026583e-06,1.0,1.0
adult,tree,7,3,covariate_shift,r2_realistic,utility_router,1.0,0.0,2.0,1.4142135623730951,2.0,2.40321568752665,2.4604823531289974,0.0,1.0,9.244450161026583e-06,1.0,1.0
adult,tree,7,3,covariate_shift,r2_realistic,utility_router_guarded,1.0,0.0,2.0,1.4142135623730951,2.0,2.40321568752665,2.4604823531289974,0.0,1.0,9.244450161026583e-06,1.0,1.0
adult,tree,7,3,covariate_shift,r2_realistic,utility_router_no_geometry,1.0,0.0,2.0,1.4142135623730951,2.0,2.40321568752665,2.4604823531289974,0.0,1.0,9.244450161026583e-06,1.0,1.0
adult,tree,7,3,covariate_shift,r2_realistic,utility_router_no_shift,1.0,0.0,2.0,1.4142135623730951,2.0,2.40321568752665,2.4604823531289974,0.0,1.0,9.244450161026583e-06,1.0,1.0
adult,tree,7,3,exemplar_mismatch,r2_realistic,cascade_exact_auto,1.0,0.0,2.0,1.4142135623730951,2.0,2.3034767788241313,2.4455215168236197,0.0,0.8888888888888888,0.04664968891302124,1.0,1.0
adult,tree,7,3,exemplar_mismatch,r2_realistic,exact_tree_milp,1.0,0.0,2.0000000379434795,1.4142135623730954,2.0,2.3034767792092,2.4455215548248592,3.800123980922542e-08,0.0,0.09395245557081783,-1.0,0.0
adult,tree,7,3,exemplar_mismatch,r2_realistic,fixed_blend,1.0,0.0,2.0,1.4142135623730951,2.0,2.3034767788241313,2.4455215168236197,0.0,0.8888888888888888,8.038885425776243e-06,1.0,1.0
adult,tree,7,3,exemplar_mismatch,r2_realistic,fixed_blend_no_repair,1.0,0.0,2.0,1.4142135623730951,2.0,2.3034767788241313,2.4455215168236197,0.0,0.8888888888888888,4.661114265521367e-06,1.0,1.0
adult,tree,7,3,exemplar_mismatch,r2_realistic,knn_mean_k5,1.0,0.0,5.831102534522741,2.4120450731315746,6.833333333333333,1.6005625530377816,6.412853584145075,3.9673320673214554,,1.1722246805826824e-06,0.0,0.0
adult,tree,7,3,exemplar_mismatch,r2_realistic,learned_alpha,1.0,0.0,2.056513570849869,1.4161329295228073,3.2222222222222223,2.296946403713537,2.5621666425180103,0.11664512569439076,0.5555555555555556,0.00028438333214985,0.9375443672839506,0.2222222222222222
adult,tree,7,3,exemplar_mismatch,r2_realistic,learned_router,1.0,0.0,2.0,1.4142135623730951,2.0,2.3034767788241313,2.4455215168236197,0.0,0.8888888888888888,8.038885425776243e-06,1.0,1.0
adult,tree,7,3,exemplar_mismatch,r2_realistic,learned_router_no_geometry,1.0,0.0,2.0,1.4142135623730951,2.0,2.3034767788241313,2.4455215168236197,0.0,0.8888888888888888,8.038885425776243e-06,1.0,1.0
adult,tree,7,3,exemplar_mismatch,r2_realistic,learned_router_no_shift,1.0,0.0,2.0,1.4142135623730951,2.0,2.3034767788241313,2.4455215168236197,0.0,0.8888888888888888,8.038885425776243e-06,1.0,1.0
adult,tree,7,3,exemplar_mismatch,r2_realistic,nn_positive_train,1.0,0.0,5.4982608038100365,2.32352096406961,5.833333333333333,1.7525704678512841,6.052813040654395,3.6072915238307752,,1.0333347341252697e-06,0.0,0.0
adult,tree,7,3,exemplar_mismatch,r2_realistic,projection_only,1.0,0.0,2.0,1.4142135623730951,2.0,2.3034767788241313,2.4455215168236197,0.0,0.8888888888888888,8.038885425776243e-06,1.0,1.0
adult,tree,7,3,exemplar_mismatch,r2_realistic,rule_router,1.0,0.0,2.0,1.4142135623730951,2.0,2.3034767788241313,2.4455215168236197,0.0,0.8888888888888888,8.038885425776243e-06,1.0,1.0
adult,tree,7,3,exemplar_mismatch,r2_realistic,safe_router,1.0,0.0,2.0,1.4142135623730951,2.0,2.3034767788241313,2.4455215168236197,0.0,0.8888888888888888,8.038885425776243e-06,1.0,1.0
adult,tree,7,3,exemplar_mismatch,r2_realistic,utility_router,1.0,0.0,2.0,1.4142135623730951,2.0,2.3034767788241313,2.4455215168236197,0.0,0.8888888888888888,8.038885425776243e-06,1.0,1.0
adult,tree,7,3,exemplar_mismatch,r2_realistic,utility_router_guarded,1.0,0.0,2.0,1.4142135623730951,2.0,2.3034767788241313,2.4455215168236197,0.0,0.8888888888888888,8.038885425776243e-06,1.0,1.0
adult,tree,7,3,exemplar_mismatch,r2_realistic,utility_router_no_geometry,1.0,0.0,2.0,1.4142135623730951,2.0,2.3034767788241313,2.4455215168236197,0.0,0.8888888888888888,8.038885425776243e-06,1.0,1.0
adult,tree,7,3,exemplar_mismatch,r2_realistic,utility_router_no_shift,1.0,0.0,2.0,1.4142135623730951,2.0,2.3034767788241313,2.4455215168236197,0.0,0.8888888888888888,8.038885425776243e-06,1.0,1.0
adult,tree,7,3,in_domain,r2_realistic,cascade_exact_auto,1.0,0.0,2.0,1.4142135623730951,2.0,2.3034767788241313,2.4455215168236197,0.0,0.8888888888888888,0.03911213889174784,1.0,1.0
adult,tree,7,3,in_domain,r2_realistic,exact_tree_milp,1.0,0.0,2.0000000379434795,1.4142135623730954,2.0,2.3034767792092,2.4455215548248592,3.800123980922542e-08,0.0,0.08426706668170583,-1.0,0.0
adult,tree,7,3,in_domain,r2_realistic,fixed_blend,1.0,0.0,2.0,1.4142135623730951,2.0,2.3034767788241313,2.4455215168236197,0.0,0.8888888888888888,8.733322223027548e-06,1.0,1.0
adult,tree,7,3,in_domain,r2_realistic,fixed_blend_no_repair,1.0,0.0,2.0,1.4142135623730951,2.0,2.3034767788241313,2.4455215168236197,0.0,0.8888888888888888,4.211084968927834e-06,1.0,1.0
adult,tree,7,3,in_domain,r2_realistic,knn_mean_k5,1.0,0.0,5.831102534522741,2.4120450731315746,6.833333333333333,1.6005625530377816,6.412853584145075,3.9673320673214554,,1.066674788792928e-06,0.0,0.0
adult,tree,7,3,in_domain,r2_realistic,learned_alpha,1.0,0.0,2.056513570849869,1.4161329295228073,3.2222222222222223,2.296946403713537,2.5621666425180103,0.11664512569439073,0.5555555555555556,0.0002781111139079763,0.9375443672839506,0.2222222222222222
adult,tree,7,3,in_domain,r2_realistic,learned_router,1.0,0.0,2.0,1.4142135623730951,2.0,2.3034767788241313,2.4455215168236197,0.0,0.8888888888888888,8.733322223027548e-06,1.0,1.0
adult,tree,7,3,in_domain,r2_realistic,learned_router_no_geometry,1.0,0.0,2.0,1.4142135623730951,2.0,2.3034767788241313,2.4455215168236197,0.0,0.8888888888888888,8.733322223027548e-06,1.0,1.0
adult,tree,7,3,in_domain,r2_realistic,learned_router_no_shift,1.0,0.0,2.0,1.4142135623730951,2.0,2.3034767788241313,2.4455215168236197,0.0,0.8888888888888888,8.733322223027548e-06,1.0,1.0
adult,tree,7,3,in_domain,r2_realistic,nn_positive_train,1.0,0.0,5.4982608038100365,2.32352096406961,5.833333333333333,1.7525704678512841,6.052813040654395,3.6072915238307752,,9.388895705342293e-07,0.0,0.0
adult,tree,7,3,in_domain,r2_realistic,projection_only,1.0,0.0,2.0,1.4142135623730951,2.0,2.3034767788241313,2.4455215168236197,0.0,0.8888888888888888,8.733322223027548e-06,1.0,1.0
adult,tree,7,3,in_domain,r2_realistic,rule_router,1.0,0.0,2.0,1.4142135623730951,2.0,2.3034767788241313,2.4455215168236197,0.0,0.8888888888888888,8.733322223027548e-06,1.0,1.0
adult,tree,7,3,in_domain,r2_realistic,safe_router,1.0,0.0,2.0,1.4142135623730951,2.0,2.3034767788241313,2.4455215168236197,0.0,0.8888888888888888,8.733322223027548e-06,1.0,1.0
adult,tree,7,3,in_domain,r2_realistic,utility_router,1.0,0.0,2.0,1.4142135623730951,2.0,2.3034767788241313,2.4455215168236197,0.0,0.8888888888888888,8.733322223027548e-06,1.0,1.0
adult,tree,7,3,in_domain,r2_realistic,utility_router_guarded,1.0,0.0,2.0,1.4142135623730951,2.0,2.3034767788241313,2.4455215168236197,0.0,0.8888888888888888,8.733322223027548e-06,1.0,1.0
adult,tree,7,3,in_domain,r2_realistic,utility_router_no_geometry,1.0,0.0,2.0,1.4142135623730951,2.0,2.3034767788241313,2.4455215168236197,0.0,0.8888888888888888,8.733322223027548e-06,1.0,1.0
adult,tree,7,3,in_domain,r2_realistic,utility_router_no_shift,1.0,0.0,2.0,1.4142135623730951,2.0,2.3034767788241313,2.4455215168236197,0.0,0.8888888888888888,8.733322223027548e-06,1.0,1.0
adult,tree,7,3,subgroup_shift,r2_realistic,cascade_exact_auto,1.0,0.0,2.0,1.4142135623730951,2.0,2.5636615136151533,2.4845492270422733,0.0,1.0,0.04109405554158406,1.0,1.0
adult,tree,7,3,subgroup_shift,r2_realistic,exact_tree_milp,1.0,0.0,2.0000000386084444,1.4142135623730954,2.0,2.563661513420057,2.484549265621453,3.857918019613117e-08,0.0,0.1654399888874549,-1.0,0.0
adult,tree,7,3,subgroup_shift,r2_realistic,fixed_blend,1.0,0.0,2.0,1.4142135623730951,2.0,2.5636615136151533,2.4845492270422733,0.0,1.0,8.911101354493036e-06,1.0,1.0
adult,tree,7,3,subgroup_shift,r2_realistic,fixed_blend_no_repair,1.0,0.0,2.0,1.4142135623730951,2.0,2.5636615136151533,2.4845492270422733,0.0,1.0,4.28890861156914e-06,1.0,1.0
adult,tree,7,3,subgroup_shift,r2_realistic,knn_mean_k5,1.0,0.0,6.229285215427258,2.523294180412129,7.111111111111111,1.996451488822424,6.884308494306178,4.399759267263906,,1.1555514194899135e-06,0.0,0.0
adult,tree,7,3,subgroup_shift,r2_realistic,learned_alpha,1.0,0.0,2.02841458287468,1.414591302438164,3.3333333333333335,2.557129726554893,2.578650708524581,0.09410148148230772,0.8888888888888888,0.00028804441293080646,0.9780401234567901,0.1111111111111111
adult,tree,7,3,subgroup_shift,r2_realistic,learned_router,1.0,0.0,2.0,1.4142135623730951,2.0,2.5636615136151533,2.4845492270422733,0.0,1.0,8.911101354493036e-06,1.0,1.0
adult,tree,7,3,subgroup_shift,r2_realistic,learned_router_no_geometry,1.0,0.0,2.0,1.4142135623730951,2.0,2.5636615136151533,2.4845492270422733,0.0,1.0,8.911101354493036e-06,1.0,1.0
adult,tree,7,3,subgroup_shift,r2_realistic,learned_router_no_shift,1.0,0.0,2.0,1.4142135623730951,2.0,2.5636615136151533,2.4845492270422733,0.0,1.0,8.911101354493036e-06,1.0,1.0
adult,tree,7,3,subgroup_shift,r2_realistic,nn_positive_train,1.0,0.0,5.627227656260023,2.370521248653917,5.888888888888889,2.1261412137885594,6.2405932827727515,3.756044055730478,,1.066674788792928e-06,0.0,0.0
adult,tree,7,3,subgroup_shift,r2_realistic,projection_only,1.0,0.0,2.0,1.4142135623730951,2.0,2.5636615136151533,2.4845492270422733,0.0,1.0,8.911101354493036e-06,1.0,1.0
adult,tree,7,3,subgroup_shift,r2_realistic,rule_router,1.0,0.0,2.0,1.4142135623730951,2.0,2.5636615136151533,2.4845492270422733,0.0,1.0,8.911101354493036e-06,1.0,1.0
adult,tree,7,3,subgroup_shift,r2_realistic,safe_router,1.0,0.0,2.0,1.4142135623730951,2.0,2.5636615136151533,2.4845492270422733,0.0,1.0,8.911101354493036e-06,1.0,1.0
adult,tree,7,3,subgroup_shift,r2_realistic,utility_router,1.0,0.0,2.0,1.4142135623730951,2.0,2.5636615136151533,2.4845492270422733,0.0,1.0,8.911101354493036e-06,1.0,1.0
adult,tree,7,3,subgroup_shift,r2_realistic,utility_router_guarded,1.0,0.0,2.0,1.4142135623730951,2.0,2.5636615136151533,2.4845492270422733,0.0,1.0,8.911101354493036e-06,1.0,1.0
adult,tree,7,3,subgroup_shift,r2_realistic,utility_router_no_geometry,1.0,0.0,2.0,1.4142135623730951,2.0,2.5636615136151533,2.4845492270422733,0.0,1.0,8.911101354493036e-06,1.0,1.0
adult,tree,7,3,subgroup_shift,r2_realistic,utility_router_no_shift,1.0,0.0,2.0,1.4142135623730951,2.0,2.5636615136151533,2.4845492270422733,0.0,1.0,8.911101354493036e-06,1.0,1.0
adult,tree,13,3,covariate_shift,r2_realistic,cascade_exact_auto,1.0,0.0,1.9705385043815562,1.2594032828666224,2.375,2.3519039287363257,2.442074093692005,0.0,1.0,0.030119053128146334,1.0,1.0
adult,tree,13,3,covariate_shift,r2_realistic,exact_tree_milp,1.0,0.0,1.9705385331587377,1.2594032839456102,2.375,2.351903929290925,2.4420741225523765,2.8860371452041345e-08,0.0,0.0505841531266924,-1.0,0.0
adult,tree,13,3,covariate_shift,r2_realistic,fixed_blend,1.0,0.0,1.9705385043815562,1.2594032828666224,2.375,2.3519039287363257,2.442074093692005,0.0,1.0,7.487506081815809e-06,1.0,1.0
adult,tree,13,3,covariate_shift,r2_realistic,fixed_blend_no_repair,1.0,0.0,1.9705385043815562,1.2594032828666224,2.375,2.3519039287363257,2.442074093692005,0.0,1.0,3.7656463973689824e-06,1.0,1.0
adult,tree,13,3,covariate_shift,r2_realistic,knn_mean_k5,1.0,0.0,6.421389085124506,2.4584128751733885,7.5625,1.866738249672388,7.079524822575364,4.637450728883359,,9.593786671757698e-07,0.0,0.0
adult,tree,13,3,covariate_shift,r2_realistic,learned_alpha,1.0,0.0,1.9835754403071437,1.2598075902932064,2.53125,2.3508181833731823,2.462760667813121,0.020686574121115964,0.9375,2.928750473074615e-05,0.986171875,0.9375
adult,tree,13,3,covariate_shift,r2_realistic,learned_router,1.0,0.0,1.9705385043815562,1.2594032828666224,2.375,2.3519039287363257,2.442074093692005,0.0,1.0,7.487506081815809e-06,1.0,1.0
adult,tree,13,3,covariate_shift,r2_realistic,learned_router_no_geometry,1.0,0.0,1.9705385043815562,1.2594032828666224,2.375,2.3519039287363257,2.442074093692005,0.0,1.0,7.487506081815809e-06,1.0,1.0
adult,tree,13,3,covariate_shift,r2_realistic,learned_router_no_shift,1.0,0.0,1.9705385043815562,1.2594032828666224,2.375,2.3519039287363257,2.442074093692005,0.0,1.0,7.487506081815809e-06,1.0,1.0
adult,tree,13,3,covariate_shift,r2_realistic,nn_positive_train,1.0,0.0,5.900200540016987,2.3219668810976635,7.125,1.964103748804736,6.551066102337696,4.108992008645692,,9.062387107405812e-07,0.0,0.0
adult,tree,13,3,covariate_shift,r2_realistic,projection_only,1.0,0.0,1.9705385043815562,1.2594032828666224,2.375,2.3519039287363257,2.442074093692005,0.0,1.0,7.487506081815809e-06,1.0,1.0
adult,tree,13,3,covariate_shift,r2_realistic,rule_router,1.0,0.0,1.9705385043815562,1.2594032828666224,2.375,2.3519039287363257,2.442074093692005,0.0,1.0,7.487506081815809e-06,1.0,1.0
adult,tree,13,3,covariate_shift,r2_realistic,safe_router,0.875,0.125,1.5887063177971918,1.057803964157652,2.142857142857143,2.3038085612070995,2.3864645523315224,-0.05560954136048282,1.0,0.0010572375103947707,1.0,1.0
adult,tree,13,3,covariate_shift,r2_realistic,utility_router,1.0,0.0,1.9705385043815562,1.2594032828666224,2.375,2.3519039287363257,2.442074093692005,0.0,1.0,7.487506081815809e-06,1.0,1.0
adult,tree,13,3,covariate_shift,r2_realistic,utility_router_guarded,1.0,0.0,1.9705385043815562,1.2594032828666224,2.375,2.3519039287363257,2.442074093692005,0.0,1.0,7.487506081815809e-06,1.0,1.0
adult,tree,13,3,covariate_shift,r2_realistic,utility_router_no_geometry,1.0,0.0,1.9705385043815562,1.2594032828666224,2.375,2.3519039287363257,2.442074093692005,0.0,1.0,7.487506081815809e-06,1.0,1.0
adult,tree,13,3,covariate_shift,r2_realistic,utility_router_no_shift,1.0,0.0,1.9705385043815562,1.2594032828666224,2.375,2.3519039287363257,2.442074093692005,0.0,1.0,7.487506081815809e-06,1.0,1.0
adult,tree,13,3,exemplar_mismatch,r2_realistic,cascade_exact_auto,1.0,0.0,1.792754691106197,1.1623974293731667,2.34375,2.2441091570908323,2.246558564669822,0.0,0.96875,0.038361574999726145,1.0,1.0
adult,tree,13,3,exemplar_mismatch,r2_realistic,exact_tree_milp,1.0,0.0,1.7927547212229376,1.162397430326889,2.34375,2.2441091567197664,2.2465585947309026,3.006108078521669e-08,0.0,0.05134132812236203,-1.0,0.0
adult,tree,13,3,exemplar_mismatch,r2_realistic,fixed_blend,1.0,0.0,1.792754691106197,1.1623974293731667,2.34375,2.2441091570908323,2.246558564669822,0.0,0.96875,7.340626325458288e-06,1.0,1.0
adult,tree,13,3,exemplar_mismatch,r2_realistic,fixed_blend_no_repair,1.0,0.0,1.792754691106197,1.1623974293731667,2.34375,2.2441091570908323,2.246558564669822,0.0,0.96875,3.828110493486747e-06,1.0,1.0
adult,tree,13,3,exemplar_mismatch,r2_realistic,knn_mean_k5,1.0,0.0,5.7333191962075105,2.333853974004289,6.625,1.7449391105154872,6.326310062784834,4.079751498115012,,9.062532626558095e-07,0.0,0.0
adult,tree,13,3,exemplar_mismatch,r2_realistic,learned_alpha,1.0,0.0,1.8123964063222788,1.1645807874091623,2.40625,2.2380834026249623,2.268421416716023,0.021862852046201517,0.90625,3.698750151670538e-05,0.9840625000000001,0.90625
adult,tree,13,3,exemplar_mismatch,r2_realistic,learned_router,1.0,0.0,1.792754691106197,1.1623974293731667,2.34375,2.2441091570908323,2.246558564669822,0.0,0.96875,7.340626325458288e-06,1.0,1.0
adult,tree,13,3,exemplar_mismatch,r2_realistic,learned_router_no_geometry,1.0,0.0,1.792754691106197,1.1623974293731667,2.34375,2.2441091570908323,2.246558564669822,0.0,0.96875,7.340626325458288e-06,1.0,1.0
adult,tree,13,3,exemplar_mismatch,r2_realistic,learned_router_no_shift,1.0,0.0,1.792754691106197,1.1623974293731667,2.34375,2.2441091570908323,2.246558564669822,0.0,0.96875,7.340626325458288e-06,1.0,1.0
adult,tree,13,3,exemplar_mismatch,r2_realistic,nn_positive_train,1.0,0.0,5.216365632779459,2.182640345165714,5.6875,1.8728093584301204,5.781662036543977,3.535103471874155,,9.937539289239794e-07,0.0,0.0
adult,tree,13,3,exemplar_mismatch,r2_realistic,projection_only,1.0,0.0,1.792754691106197,1.1623974293731667,2.34375,2.2441091570908323,2.246558564669822,0.0,0.96875,7.340626325458288e-06,1.0,1.0
adult,tree,13,3,exemplar_mismatch,r2_realistic,rule_router,1.0,0.0,1.792754691106197,1.1623974293731667,2.34375,2.2441091570908323,2.246558564669822,0.0,0.96875,7.340626325458288e-06,1.0,1.0
adult,tree,13,3,exemplar_mismatch,r2_realistic,safe_router,0.9375,0.0625,1.60107701718857,1.0538145217017394,2.2333333333333334,2.2105196887589664,2.216662360146288,-0.029896204523533837,0.96875,0.0008302281203214079,1.0,1.0
adult,tree,13,3,exemplar_mismatch,r2_realistic,utility_router,1.0,0.0,1.792754691106197,1.1623974293731667,2.34375,2.2441091570908323,2.246558564669822,0.0,0.96875,7.340626325458288e-06,1.0,1.0
adult,tree,13,3,exemplar_mismatch,r2_realistic,utility_router_guarded,1.0,0.0,1.792754691106197,1.1623974293731667,2.34375,2.2441091570908323,2.246558564669822,0.0,0.96875,7.340626325458288e-06,1.0,1.0
adult,tree,13,3,exemplar_mismatch,r2_realistic,utility_router_no_geometry,1.0,0.0,1.792754691106197,1.1623974293731667,2.34375,2.2441091570908323,2.246558564669822,0.0,0.96875,7.340626325458288e-06,1.0,1.0
adult,tree,13,3,exemplar_mismatch,r2_realistic,utility_router_no_shift,1.0,0.0,1.792754691106197,1.1623974293731667,2.34375,2.2441091570908323,2.246558564669822,0.0,0.96875,7.340626325458288e-06,1.0,1.0
adult,tree,13,3,in_domain,r2_realistic,cascade_exact_auto,1.0,0.0,1.792754691106197,1.1623974293731667,2.34375,2.2441091570908323,2.246558564669822,0.0,0.96875,0.03824300938140368,1.0,1.0
adult,tree,13,3,in_domain,r2_realistic,exact_tree_milp,1.0,0.0,1.7927547212229376,1.162397430326889,2.34375,2.2441091567197664,2.2465585947309026,3.006108078521669e-08,0.0,0.050946484374435386,-1.0,0.0
adult,tree,13,3,in_domain,r2_realistic,fixed_blend,1.0,0.0,1.792754691106197,1.1623974293731667,2.34375,2.2441091570908323,2.246558564669822,0.0,0.96875,7.171867764554918e-06,1.0,1.0
adult,tree,13,3,in_domain,r2_realistic,fixed_blend_no_repair,1.0,0.0,1.792754691106197,1.1623974293731667,2.34375,2.2441091570908323,2.246558564669822,0.0,0.96875,4.125002305954695e-06,1.0,1.0
adult,tree,13,3,in_domain,r2_realistic,knn_mean_k5,1.0,0.0,5.7333191962075105,2.333853974004289,6.625,1.7449391105154872,6.326310062784834,4.079751498115012,,1.0031326382886618e-06,0.0,0.0
adult,tree,13,3,in_domain,r2_realistic,learned_alpha,1.0,0.0,1.8123964063222788,1.1645807874091623,2.40625,2.2380834026249623,2.268421416716023,0.021862852046201517,0.90625,3.996561645180918e-05,0.9840625000000001,0.90625
adult,tree,13,3,in_domain,r2_realistic,learned_router,1.0,0.0,1.792754691106197,1.1623974293731667,2.34375,2.2441091570908323,2.246558564669822,0.0,0.96875,7.171867764554918e-06,1.0,1.0
adult,tree,13,3,in_domain,r2_realistic,learned_router_no_geometry,1.0,0.0,1.792754691106197,1.1623974293731667,2.34375,2.2441091570908323,2.246558564669822,0.0,0.96875,7.171867764554918e-06,1.0,1.0
adult,tree,13,3,in_domain,r2_realistic,learned_router_no_shift,1.0,0.0,1.792754691106197,1.1623974293731667,2.34375,2.2441091570908323,2.246558564669822,0.0,0.96875,7.171867764554918e-06,1.0,1.0
adult,tree,13,3,in_domain,r2_realistic,nn_positive_train,1.0,0.0,5.216365632779459,2.182640345165714,5.6875,1.8728093584301204,5.781662036543977,3.535103471874155,,8.937531674746424e-07,0.0,0.0
adult,tree,13,3,in_domain,r2_realistic,projection_only,1.0,0.0,1.792754691106197,1.1623974293731667,2.34375,2.2441091570908323,2.246558564669822,0.0,0.96875,7.171867764554918e-06,1.0,1.0
adult,tree,13,3,in_domain,r2_realistic,rule_router,1.0,0.0,1.792754691106197,1.1623974293731667,2.34375,2.2441091570908323,2.246558564669822,0.0,0.96875,7.171867764554918e-06,1.0,1.0
adult,tree,13,3,in_domain,r2_realistic,safe_router,0.9375,0.0625,1.60107701718857,1.0538145217017394,2.2333333333333334,2.2105196887589664,2.216662360146288,-0.029896204523533837,0.96875,0.0005887562438147143,1.0,1.0
adult,tree,13,3,in_domain,r2_realistic,utility_router,1.0,0.0,1.792754691106197,1.1623974293731667,2.34375,2.2441091570908323,2.246558564669822,0.0,0.96875,7.171867764554918e-06,1.0,1.0
adult,tree,13,3,in_domain,r2_realistic,utility_router_guarded,1.0,0.0,1.792754691106197,1.1623974293731667,2.34375,2.2441091570908323,2.246558564669822,0.0,0.96875,7.171867764554918e-06,1.0,1.0
adult,tree,13,3,in_domain,r2_realistic,utility_router_no_geometry,1.0,0.0,1.792754691106197,1.1623974293731667,2.34375,2.2441091570908323,2.246558564669822,0.0,0.96875,7.171867764554918e-06,1.0,1.0
adult,tree,13,3,in_domain,r2_realistic,utility_router_no_shift,1.0,0.0,1.792754691106197,1.1623974293731667,2.34375,2.2441091570908323,2.246558564669822,0.0,0.96875,7.171867764554918e-06,1.0,1.0
adult,tree,13,3,subgroup_shift,r2_realistic,cascade_exact_auto,1.0,0.0,2.626076626419693,1.6437632166860796,3.1538461538461537,2.4801435925832247,3.155790472999484,0.0,0.9230769230769231,0.042783169263902195,1.0,1.0
adult,tree,13,3,subgroup_shift,r2_realistic,exact_tree_milp,1.0,0.0,2.626076653032645,1.6437632170862104,3.1538461538461537,2.480143593144243,3.155790499696589,2.669710548357347e-08,0.0,0.05048166156316606,-1.0,0.0
adult,tree,13,3,subgroup_shift,r2_realistic,fixed_blend,1.0,0.0,2.626076626419693,1.6437632166860796,3.1538461538461537,2.4801435925832247,3.155790472999484,0.0,0.9230769230769231,8.030785605884515e-06,1.0,1.0
adult,tree,13,3,subgroup_shift,r2_realistic,fixed_blend_no_repair,1.0,0.0,2.626076626419693,1.6437632166860796,3.1538461538461537,2.4801435925832247,3.155790472999484,0.0,0.9230769230769231,3.6615305221997774e-06,1.0,1.0
adult,tree,13,3,subgroup_shift,r2_realistic,knn_mean_k5,1.0,0.0,6.888375158205922,2.641019782610125,7.615384615384615,2.1117447334918755,7.585906098998934,4.43011562599945,,1.0846146883872839e-06,0.0,0.0
adult,tree,13,3,subgroup_shift,r2_realistic,learned_alpha,1.0,0.0,2.626076626419693,1.6437632166860796,3.1538461538461537,2.4801435925832247,3.155790472999484,0.0,0.9230769230769231,3.572308924049139e-05,0.9930769230769231,0.9230769230769231
adult,tree,13,3,subgroup_shift,r2_realistic,learned_router,1.0,0.0,2.626076626419693,1.6437632166860796,3.1538461538461537,2.4801435925832247,3.155790472999484,0.0,0.9230769230769231,8.030785605884515e-06,1.0,1.0
adult,tree,13,3,subgroup_shift,r2_realistic,learned_router_no_geometry,1.0,0.0,2.626076626419693,1.6437632166860796,3.1538461538461537,2.4801435925832247,3.155790472999484,0.0,0.9230769230769231,8.030785605884515e-06,1.0,1.0
adult,tree,13,3,subgroup_shift,r2_realistic,learned_router_no_shift,1.0,0.0,2.626076626419693,1.6437632166860796,3.1538461538461537,2.4801435925832247,3.155790472999484,0.0,0.9230769230769231,8.030785605884515e-06,1.0,1.0
adult,tree,13,3,subgroup_shift,r2_realistic,nn_positive_train,1.0,0.0,6.33304879412684,2.5225875461140452,6.769230769230769,2.1413111139747403,6.992706999684589,3.8369165266851053,,8.846221205133659e-07,0.0,0.0
adult,tree,13,3,subgroup_shift,r2_realistic,projection_only,1.0,0.0,2.626076626419693,1.6437632166860796,3.1538461538461537,2.4801435925832247,3.155790472999484,0.0,0.9230769230769231,8.030785605884515e-06,1.0,1.0
adult,tree,13,3,subgroup_shift,r2_realistic,rule_router,1.0,0.0,2.626076626419693,1.6437632166860796,3.1538461538461537,2.4801435925832247,3.155790472999484,0.0,0.9230769230769231,8.030785605884515e-06,1.0,1.0
adult,tree,13,3,subgroup_shift,r2_realistic,safe_router,1.0,0.0,2.626076626419693,1.6437632166860796,3.1538461538461537,2.4801435925832247,3.155790472999484,0.0,0.9230769230769231,8.030785605884515e-06,1.0,1.0
adult,tree,13,3,subgroup_shift,r2_realistic,utility_router,1.0,0.0,2.626076626419693,1.6437632166860796,3.1538461538461537,2.4801435925832247,3.155790472999484,0.0,0.9230769230769231,8.030785605884515e-06,1.0,1.0
adult,tree,13,3,subgroup_shift,r2_realistic,utility_router_guarded,1.0,0.0,2.626076626419693,1.6437632166860796,3.1538461538461537,2.4801435925832247,3.155790472999484,0.0,0.9230769230769231,8.030785605884515e-06,1.0,1.0
adult,tree,13,3,subgroup_shift,r2_realistic,utility_router_no_geometry,1.0,0.0,2.626076626419693,1.6437632166860796,3.1538461538461537,2.4801435925832247,3.155790472999484,0.0,0.9230769230769231,8.030785605884515e-06,1.0,1.0
adult,tree,13,3,subgroup_shift,r2_realistic,utility_router_no_shift,1.0,0.0,2.626076626419693,1.6437632166860796,3.1538461538461537,2.4801435925832247,3.155790472999484,0.0,0.9230769230769231,8.030785605884515e-06,1.0,1.0
bank,tree,7,3,covariate_shift,r2_realistic,cascade_exact_auto,1.0,0.0,3.955101059699994,1.7876698429141125,5.055555555555555,2.6723495470983223,4.60873126954252,-108.87829597469576,0.5,0.02368628332624212,0.5416666666666666,0.3888888888888889
bank,tree,7,3,covariate_shift,r2_realistic,exact_tree_milp,1.0,0.0,1.2572740722873343,0.9348931589447642,1.6111111111111112,2.978291354771654,1.7845733310586378,-111.70245391317967,0.1111111111111111,0.08359091666190782,-1.0,0.0
bank,tree,7,3,covariate_shift,r2_realistic,fixed_blend,0.8888888888888888,0.0,6.464818239215204,2.4412611692290955,8.5,2.475683990960368,118.37228194897037,4.885254704732083,0.1111111111111111,0.00027044998326649267,0.25,0.0
bank,tree,7,3,covariate_shift,r2_realistic,fixed_blend_no_repair,0.8888888888888888,0.0,6.464818239215204,2.4412611692290955,8.5,2.475683990960368,118.37228194897037,4.885254704732083,0.1111111111111111,0.00018996110884472728,0.25,0.0
bank,tree,7,3,covariate_shift,r2_realistic,knn_mean_k5,1.0,0.0,6.367439414091032,2.405821534386216,8.38888888888889,2.423875152845136,7.150465131462247,-106.33656211277605,,9.611119619674153e-07,0.0,0.0
bank,tree,7,3,covariate_shift,r2_realistic,learned_alpha,0.7777777777777778,0.0,1.5996969305876594,0.9651127974631277,3.7777777777777777,2.8058563480837218,224.43168649391134,110.94465924967304,0.7777777777777778,0.000274927775737726,0.893333333333335,0.2777777777777778
bank,tree,7,3,covariate_shift,r2_realistic,learned_router,0.8888888888888888,0.0,4.350894561296205,1.894809185911898,5.555555555555555,2.6254204720137464,116.13359652098714,2.6465692767488584,0.5555555555555556,0.0001458499981607828,0.5833333333333334,0.4444444444444444
bank,tree,7,3,covariate_shift,r2_realistic,learned_router_no_geometry,0.7777777777777778,0.0,4.89768153205981,1.9138369959418169,6.444444444444445,2.612745454213786,227.83403779463632,114.34701055039801,0.2777777777777778,0.00018862777829377187,0.4583333333333333,0.2777777777777778
bank,tree,7,3,covariate_shift,r2_realistic,learned_router_no_shift,0.8888888888888888,0.0,4.350894561296205,1.894809185911898,5.555555555555555,2.6254204720137464,116.13359652098714,2.6465692767488584,0.5555555555555556,0.0001458499981607828,0.5833333333333334,0.4444444444444444
bank,tree,7,3,covariate_shift,r2_realistic,nn_positive_train,1.0,0.0,6.869722036901837,2.565990562803753,8.5,2.4856320002632017,7.667566836941317,-105.81946040729697,,1.0166679405503803e-06,0.0,0.0
bank,tree,7,3,covariate_shift,r2_realistic,projection_only,0.3888888888888889,0.0,1.1409287766746827,0.822966456780381,1.6111111111111112,2.84921237897414,612.7599773001874,499.2729500559492,0.5,7.288912052495612e-06,1.0,1.0
bank,tree,7,3,covariate_shift,r2_realistic,rule_router,0.3888888888888889,0.0,1.1409287766746827,0.822966456780381,1.6111111111111112,2.84921237897414,612.7599773001874,499.2729500559492,0.5,7.288912052495612e-06,1.0,1.0
bank,tree,7,3,covariate_shift,r2_realistic,safe_router,0.4444444444444444,0.5555555555555556,2.163463759121039,1.4517948104518779,2.375,2.7928415692897044,3.4625343070261962,-110.02449293721209,0.6111111111111112,0.005800133338198066,0.5833333333333334,0.4444444444444444
bank,tree,7,3,covariate_shift,r2_realistic,utility_router,0.8888888888888888,0.0,4.608069152734564,1.9956449103027052,5.888888888888889,2.6035558987613374,116.40415809310431,2.9171308488660324,0.5,0.00016349999027119743,0.5416666666666666,0.3888888888888889
bank,tree,7,3,covariate_shift,r2_realistic,utility_router_guarded,0.8888888888888888,0.0,4.608069152734564,1.9956449103027052,5.888888888888889,2.6035558987613374,116.40415809310431,2.9171308488660324,0.5,0.00016349999027119743,0.5416666666666666,0.3888888888888889
bank,tree,7,3,covariate_shift,r2_realistic,utility_router_no_geometry,0.8888888888888888,0.0,6.464818239215204,2.4412611692290955,8.5,2.475683990960368,118.37228194897037,4.885254704732083,0.1111111111111111,0.00027044998326649267,0.25,0.0
bank,tree,7,3,covariate_shift,r2_realistic,utility_router_no_shift,0.8888888888888888,0.0,4.608069152734564,1.9956449103027052,5.888888888888889,2.6035558987613374,116.40415809310431,2.9171308488660324,0.5,0.00016349999027119743,0.5416666666666666,0.3888888888888889
bank,tree,7,3,exemplar_mismatch,r2_realistic,cascade_exact_auto,1.0,0.0,3.628737080381558,1.7369790906724902,4.5,2.4879872024569343,4.226935160750098,-164.62256298427275,0.2777777777777778,0.018739049989057496,0.4166666666666667,0.2222222222222222
bank,tree,7,3,exemplar_mismatch,r2_realistic,exact_tree_milp,1.0,0.0,1.29320829279358,0.9590083846535609,1.6111111111111112,2.7218005154017706,1.7820339256594009,-167.06746421936344,0.05555555555555555,0.08431887776694363,-1.0,0.0
bank,tree,7,3,exemplar_mismatch,r2_realistic,fixed_blend,0.8333333333333334,0.0,5.4778860786180585,2.2715526282964804,6.722222222222222,2.29144648290365,172.82438082883138,3.974882683808549,0.05555555555555555,0.00027257777077870234,0.25,0.0
bank,tree,7,3,exemplar_mismatch,r2_realistic,fixed_blend_no_repair,0.8333333333333334,0.0,5.4778860786180585,2.2715526282964804,6.722222222222222,2.29144648290365,172.82438082883138,3.974882683808549,0.05555555555555555,0.00018823334378086857,0.25,0.0
bank,tree,7,3,exemplar_mismatch,r2_realistic,knn_mean_k5,1.0,0.0,5.842645136178869,2.3486475160866718,7.333333333333333,2.2369981559298524,6.544861526235014,-162.30463661878784,,9.166736466189226e-07,0.0,0.0
bank,tree,7,3,exemplar_mismatch,r2_realistic,learned_alpha,0.6666666666666666,0.0,1.2010084276234718,0.8387526631673528,3.111111111111111,2.573020281530838,335.075850358742,166.22635221371917,0.6666666666666666,0.00034862220571893785,0.890534722222224,0.1111111111111111
bank,tree,7,3,exemplar_mismatch,r2_realistic,learned_router,0.8333333333333334,0.0,3.2871946677395587,1.6509953623086946,4.0,2.4958648601941587,170.52824106343533,1.6787429184125082,0.5,0.00013339998097055487,0.625,0.5
bank,tree,7,3,exemplar_mismatch,r2_realistic,learned_router_no_geometry,0.7777777777777778,0.0,3.8733119716494966,1.7740992075499429,4.777777777777778,2.3403629469813985,226.68547752480782,57.835979379784966,0.2777777777777778,0.00017942221085023548,0.5,0.3333333333333333
bank,tree,7,3,exemplar_mismatch,r2_realistic,learned_router_no_shift,0.8333333333333334,0.0,3.2871946677395587,1.6509953623086946,4.0,2.4958648601941587,170.52824106343533,1.6787429184125082,0.5,0.00013339998097055487,0.625,0.5
bank,tree,7,3,exemplar_mismatch,r2_realistic,nn_positive_train,1.0,0.0,5.8652913765614025,2.4304652698357563,6.722222222222222,2.2768053248976314,6.542923286407158,-162.30657485861568,,9.944520166350735e-07,0.0,0.0
bank,tree,7,3,exemplar_mismatch,r2_realistic,projection_only,0.3888888888888889,0.0,1.1377725616369778,0.8134750437284278,1.6111111111111112,2.5900163149304003,612.7179416755431,443.8684435305203,0.5,7.99444064290987e-06,1.0,1.0
bank,tree,7,3,exemplar_mismatch,r2_realistic,rule_router,0.3888888888888889,0.0,1.1377725616369778,0.8134750437284278,1.6111111111111112,2.5900163149304003,612.7179416755431,443.8684435305203,0.5,7.99444064290987e-06,1.0,1.0
bank,tree,7,3,exemplar_mismatch,r2_realistic,safe_router,0.4444444444444444,0.5555555555555556,2.292414230609369,1.5058329964935793,2.5,2.551478610162828,3.5065325415236623,-165.34296560349918,0.6111111111111112,0.00537312220937262,0.625,0.5
bank,tree,7,3,exemplar_mismatch,r2_realistic,utility_router,0.8333333333333334,0.0,4.320253549473772,1.988439814102918,5.333333333333333,2.4425764657490436,171.6199733526695,2.770475207646628,0.2777777777777778,0.0002152777613244123,0.4166666666666667,0.2222222222222222
bank,tree,7,3,exemplar_mismatch,r2_realistic,utility_router_guarded,0.8333333333333334,0.0,4.320253549473772,1.988439814102918,5.333333333333333,2.4425764657490436,171.6199733526695,2.770475207646628,0.2777777777777778,0.0002152777613244123,0.4166666666666667,0.2222222222222222
bank,tree,7,3,exemplar_mismatch,r2_realistic,utility_router_no_geometry,0.8333333333333334,0.0,5.241867507050667,2.213211589441485,6.444444444444445,2.3113149571664766,172.57745363951454,3.7279554944916913,0.05555555555555555,0.0002590777779308458,0.2916666666666667,0.05555555555555555
bank,tree,7,3,exemplar_mismatch,r2_realistic,utility_router_no_shift,0.8333333333333334,0.0,4.320253549473772,1.988439814102918,5.333333333333333,2.4425764657490436,171.6199733526695,2.770475207646628,0.2777777777777778,0.0002152777613244123,0.4166666666666667,0.2222222222222222
bank,tree,7,3,in_domain,r2_realistic,cascade_exact_auto,1.0,0.0,3.67516159529715,1.71745806089976,4.444444444444445,2.3724783820332123,4.253255574824355,-164.7528715253588,0.3333333333333333,0.02357832222090413,0.4166666666666667,0.2222222222222222
bank,tree,7,3,in_domain,r2_realistic,exact_tree_milp,1.0,0.0,1.29320829279358,0.9590083846535609,1.6111111111111112,2.7218005154017706,1.7820339256594009,-167.22409317452377,0.1111111111111111,0.08428745554475528,-1.0,0.0
bank,tree,7,3,in_domain,r2_realistic,fixed_blend,0.8333333333333334,0.0,5.276624521087679,2.1993400715026197,6.444444444444445,2.1252964815108646,172.5843078822032,3.57818078202002,0.1111111111111111,0.0002685166675493949,0.25,0.0
bank,tree,7,3,in_domain,r2_realistic,fixed_blend_no_repair,0.8333333333333334,0.0,5.276624521087679,2.1993400715026197,6.444444444444445,2.1252964815108646,172.5843078822032,3.57818078202002,0.1111111111111111,0.0002050277932236592,0.25,0.0
bank,tree,7,3,in_domain,r2_realistic,knn_mean_k5,1.0,0.0,5.301909755836034,2.2072995427942446,6.777777777777778,2.1384964871056487,5.9615731177907705,-163.0445539823924,,9.722231576840084e-07,0.0,0.0
bank,tree,7,3,in_domain,r2_realistic,learned_alpha,0.6666666666666666,0.0,1.2986937887768837,0.8862240115646822,3.0555555555555554,2.5535952472997914,335.16784418698296,166.1617170867998,0.6111111111111112,0.00034351110096193023,0.8725555555555572,0.1111111111111111
bank,tree,7,3,in_domain,r2_realistic,learned_router,0.8333333333333334,0.0,4.106574638285485,1.8766211266602935,4.944444444444445,2.2968323276118507,171.36498837631615,2.358861276132975,0.4444444444444444,0.00018227220668147007,0.5,0.3333333333333333
bank,tree,7,3,in_domain,r2_realistic,learned_router_no_geometry,0.6666666666666666,0.0,3.478061789538417,1.5229762130447546,4.333333333333333,2.3177720718796095,337.3757276003204,168.36960050013715,0.3888888888888889,0.0001599444270444413,0.5833333333333334,0.4444444444444444
bank,tree,7,3,in_domain,r2_realistic,learned_router_no_shift,0.8333333333333334,0.0,4.106574638285485,1.8766211266602935,4.944444444444445,2.2968323276118507,171.36498837631615,2.358861276132975,0.4444444444444444,0.00018227220668147007,0.5,0.3333333333333333
bank,tree,7,3,in_domain,r2_realistic,nn_positive_train,1.0,0.0,5.671016706888411,2.3551102209282715,6.444444444444445,2.1043968770112707,6.3088984606623235,-162.69722863952086,,1.005550277315908e-06,0.0,0.0
bank,tree,7,3,in_domain,r2_realistic,projection_only,0.3888888888888889,0.0,1.1377725616369778,0.8134750437284278,1.6111111111111112,2.5900163149304003,612.7179416755431,443.71181457536,0.5555555555555556,7.355540421687894e-06,1.0,1.0
bank,tree,7,3,in_domain,r2_realistic,rule_router,0.3888888888888889,0.0,1.1377725616369778,0.8134750437284278,1.6111111111111112,2.5900163149304003,612.7179416755431,443.71181457536,0.5555555555555556,7.355540421687894e-06,1.0,1.0
bank,tree,7,3,in_domain,r2_realistic,safe_router,0.3333333333333333,0.6666666666666666,2.1934114775239677,1.4834105561478046,2.1666666666666665,2.6126234368914214,3.6123126134873766,-165.3938144866958,0.5555555555555556,0.005309238881131427,0.5,0.3333333333333333
bank,tree,7,3,in_domain,r2_realistic,utility_router,0.8333333333333334,0.0,4.348205848334623,1.9625225563886994,5.277777777777778,2.2720023900455852,171.61956176239698,2.613434662213839,0.3333333333333333,0.00021496666077938344,0.4166666666666667,0.2222222222222222
bank,tree,7,3,in_domain,r2_realistic,utility_router_guarded,0.8333333333333334,0.0,4.348205848334623,1.9625225563886994,5.277777777777778,2.2720023900455852,171.61956176239698,2.613434662213839,0.3333333333333333,0.00021496666077938344,0.4166666666666667,0.2222222222222222
bank,tree,7,3,in_domain,r2_realistic,utility_router_no_geometry,0.8333333333333334,0.0,5.276624521087679,2.1993400715026197,6.444444444444445,2.1252964815108646,172.5843078822032,3.57818078202002,0.1111111111111111,0.0002685166675493949,0.25,0.0
bank,tree,7,3,in_domain,r2_realistic,utility_router_no_shift,0.8333333333333334,0.0,4.348205848334623,1.9625225563886994,5.277777777777778,2.2720023900455852,171.61956176239698,2.613434662213839,0.3333333333333333,0.00021496666077938344,0.4166666666666667,0.2222222222222222
bank,tree,7,3,subgroup_shift,r2_realistic,cascade_exact_auto,1.0,0.0,4.790073262905798,2.0769168838504064,5.6,2.4720625302102075,5.440882642437328,1.2305678636279105,0.6,0.0002135799964889884,0.4,0.2
bank,tree,7,3,subgroup_shift,r2_realistic,exact_tree_milp,1.0,0.0,1.727174701113659,1.2020177818956979,2.0,3.000089566291333,2.277188136057359,-1.93312664275206,0.4,0.08138794002588838,-1.0,0.0
bank,tree,7,3,subgroup_shift,r2_realistic,fixed_blend,1.0,0.0,5.86482405953221,2.347005813175738,6.8,2.2588053360643947,6.543644859941869,2.3333300811324507,0.4,0.0002648599911481142,0.25,0.0
bank,tree,7,3,subgroup_shift,r2_realistic,fixed_blend_no_repair,1.0,0.0,5.86482405953221,2.347005813175738,6.8,2.2588053360643947,6.543644859941869,2.3333300811324507,0.4,0.00017436002381145954,0.25,0.0
bank,tree,7,3,subgroup_shift,r2_realistic,knn_mean_k5,1.0,0.0,5.699121336605893,2.395364670361027,6.4,2.2364519907614087,6.354589135220105,2.144274356410686,,8.399831131100654e-07,0.0,0.0
bank,tree,7,3,subgroup_shift,r2_realistic,learned_alpha,0.6,0.0,1.698084392954641,1.173177659617824,3.2,2.770383662890787,402.2736419423883,398.0633271635789,0.6,0.0003046399913728237,0.9565000000000013,0.2
bank,tree,7,3,subgroup_shift,r2_realistic,learned_router,1.0,0.0,4.18632873924648,1.9285931883895884,4.8,2.507689776310292,4.802482205693024,0.5921674268836052,0.8,0.00016281998250633478,0.55,0.4
bank,tree,7,3,subgroup_shift,r2_realistic,learned_router_no_geometry,1.0,0.0,5.86482405953221,2.347005813175738,6.8,2.2588053360643947,6.543644859941869,2.3333300811324507,0.4,0.0002648599911481142,0.25,0.0
bank,tree,7,3,subgroup_shift,r2_realistic,learned_router_no_shift,1.0,0.0,4.18632873924648,1.9285931883895884,4.8,2.507689776310292,4.802482205693024,0.5921674268836052,0.8,0.00016281998250633478,0.55,0.4
bank,tree,7,3,subgroup_shift,r2_realistic,nn_positive_train,1.0,0.0,6.26215696921835,2.4846223323000345,6.8,2.2077452555750874,6.933318757554614,2.7230039787451945,,9.800074622035027e-07,0.0,0.0
bank,tree,7,3,subgroup_shift,r2_realistic,projection_only,0.6,0.0,1.727174669526209,1.2020177818401876,2.0,2.7793905175502385,402.24408324715876,398.0337684683493,0.6,7.979990914463998e-06,1.0,1.0
bank,tree,7,3,subgroup_shift,r2_realistic,rule_router,0.6,0.0,1.727174669526209,1.2020177818401876,2.0,2.7793905175502385,402.24408324715876,398.0337684683493,0.6,7.979990914463998e-06,1.0,1.0
bank,tree,7,3,subgroup_shift,r2_realistic,safe_router,0.4,0.6,2.0,1.4142135623730951,2.0,2.941964411472006,3.459507718909655,-0.7508070598997638,0.8,0.005244980030693114,0.55,0.4
bank,tree,7,3,subgroup_shift,r2_realistic,utility_router,1.0,0.0,4.790073262905798,2.0769168838504064,5.6,2.4720625302102075,5.440882642437328,1.2305678636279105,0.6,0.0002135799964889884,0.4,0.2
bank,tree,7,3,subgroup_shift,r2_realistic,utility_router_guarded,1.0,0.0,4.790073262905798,2.0769168838504064,5.6,2.4720625302102075,5.440882642437328,1.2305678636279105,0.6,0.0002135799964889884,0.4,0.2
bank,tree,7,3,subgroup_shift,r2_realistic,utility_router_no_geometry,1.0,0.0,5.86482405953221,2.347005813175738,6.8,2.2588053360643947,6.543644859941869,2.3333300811324507,0.4,0.0002648599911481142,0.25,0.0
bank,tree,7,3,subgroup_shift,r2_realistic,utility_router_no_shift,1.0,0.0,4.790073262905798,2.0769168838504064,5.6,2.4720625302102075,5.440882642437328,1.2305678636279105,0.6,0.0002135799964889884,0.4,0.2
bank,tree,13,3,covariate_shift,r2_realistic,cascade_exact_auto,1.0,0.0,0.5854602302880327,0.5854602302880327,1.0,2.6482223079429046,1.0326935764794685,0.0,0.05555555555555555,0.028791044431272894,1.0,1.0
bank,tree,13,3,covariate_shift,r2_realistic,exact_tree_milp,0.2777777777777778,0.0,2.0000000383136984,1.4142135623730954,2.0,2.5657345704064674,722.9124611732985,721.8797675968191,0.6666666666666666,0.05747046110789395,-1.0,0.0
bank,tree,13,3,covariate_shift,r2_realistic,fixed_blend,1.0,0.0,0.5854602302880327,0.5854602302880327,1.0,2.6482223079429046,1.0326935764794685,0.0,0.05555555555555555,8.677766244444581e-06,1.0,1.0
bank,tree,13,3,covariate_shift,r2_realistic,fixed_blend_no_repair,1.0,0.0,0.5854602302880327,0.5854602302880327,1.0,2.6482223079429046,1.0326935764794685,0.0,0.05555555555555555,3.744440618902445e-06,1.0,1.0
bank,tree,13,3,covariate_shift,r2_realistic,knn_mean_k5,1.0,0.0,8.35858523902594,2.8074194521473297,10.38888888888889,1.991835892588337,9.176805067358636,8.144111490879165,,9.666546247899532e-07,0.0,0.0
bank,tree,13,3,covariate_shift,r2_realistic,learned_alpha,1.0,0.0,0.5939664477274925,0.586639080272961,1.1666666666666667,2.6467890121875404,1.049318132888957,0.016624556409488407,0.05555555555555555,0.001977105566766113,0.9131250000000001,0.0
bank,tree,13,3,covariate_shift,r2_realistic,learned_router,1.0,0.0,0.5854602302880327,0.5854602302880327,1.0,2.6482223079429046,1.0326935764794685,0.0,0.05555555555555555,8.677766244444581e-06,1.0,1.0
bank,tree,13,3,covariate_shift,r2_realistic,learned_router_no_geometry,1.0,0.0,0.5854602302880327,0.5854602302880327,1.0,2.6482223079429046,1.0326935764794685,0.0,0.05555555555555555,8.677766244444581e-06,1.0,1.0
bank,tree,13,3,covariate_shift,r2_realistic,learned_router_no_shift,1.0,0.0,0.5854602302880327,0.5854602302880327,1.0,2.6482223079429046,1.0326935764794685,0.0,0.05555555555555555,8.677766244444581e-06,1.0,1.0
bank,tree,13,3,covariate_shift,r2_realistic,nn_positive_train,0.3333333333333333,0.0,6.570370777193805,2.4552242497044063,8.38888888888889,2.220214693252962,673.9895140922929,672.9568205158134,,1.1055639738010036e-06,0.0,0.0
bank,tree,13,3,covariate_shift,r2_realistic,projection_only,1.0,0.0,0.5854602302880327,0.5854602302880327,1.0,2.6482223079429046,1.0326935764794685,0.0,0.05555555555555555,8.677766244444581e-06,1.0,1.0
bank,tree,13,3,covariate_shift,r2_realistic,rule_router,1.0,0.0,0.5854602302880327,0.5854602302880327,1.0,2.6482223079429046,1.0326935764794685,0.0,0.05555555555555555,8.677766244444581e-06,1.0,1.0
bank,tree,13,3,covariate_shift,r2_realistic,safe_router,1.0,0.0,0.5854602302880327,0.5854602302880327,1.0,2.6482223079429046,1.0326935764794685,0.0,0.05555555555555555,8.677766244444581e-06,1.0,1.0
bank,tree,13,3,covariate_shift,r2_realistic,utility_router,1.0,0.0,0.5854602302880327,0.5854602302880327,1.0,2.6482223079429046,1.0326935764794685,0.0,0.05555555555555555,8.677766244444581e-06,1.0,1.0
bank,tree,13,3,covariate_shift,r2_realistic,utility_router_guarded,1.0,0.0,0.5854602302880327,0.5854602302880327,1.0,2.6482223079429046,1.0326935764794685,0.0,0.05555555555555555,8.677766244444581e-06,1.0,1.0
bank,tree,13,3,covariate_shift,r2_realistic,utility_router_no_geometry,1.0,0.0,0.5854602302880327,0.5854602302880327,1.0,2.6482223079429046,1.0326935764794685,0.0,0.05555555555555555,8.677766244444581e-06,1.0,1.0
bank,tree,13,3,covariate_shift,r2_realistic,utility_router_no_shift,1.0,0.0,0.5854602302880327,0.5854602302880327,1.0,2.6482223079429046,1.0326935764794685,0.0,0.05555555555555555,8.677766244444581e-06,1.0,1.0
bank,tree,13,3,exemplar_mismatch,r2_realistic,cascade_exact_auto,1.0,0.0,0.3846216521866592,0.3846216521866592,1.0,2.473559733187812,0.8056556121648311,0.0,0.05555555555555555,0.039153783329917737,1.0,1.0
bank,tree,13,3,exemplar_mismatch,r2_realistic,exact_tree_milp,0.2777777777777778,0.0,2.000000024792722,1.4142135623730951,2.0,2.4123104444923484,722.9060684976297,722.1004128854647,0.7222222222222222,0.054454161112921104,-1.0,0.0
bank,tree,13,3,exemplar_mismatch,r2_realistic,fixed_blend,1.0,0.0,0.3846216521866592,0.3846216521866592,1.0,2.473559733187812,0.8056556121648311,0.0,0.05555555555555555,8.849996245569653e-06,1.0,1.0
bank,tree,13,3,exemplar_mismatch,r2_realistic,fixed_blend_no_repair,1.0,0.0,0.3846216521866592,0.3846216521866592,1.0,2.473559733187812,0.8056556121648311,0.0,0.05555555555555555,3.711094096716907e-06,1.0,1.0
bank,tree,13,3,exemplar_mismatch,r2_realistic,knn_mean_k5,1.0,0.0,8.116593780324916,2.784616219511285,10.11111111111111,2.024500595378886,8.925824425187304,8.120168813022474,,9.944326140814358e-07,0.0,0.0
bank,tree,13,3,exemplar_mismatch,r2_realistic,learned_alpha,1.0,0.0,0.39275633860648473,0.3864955318883485,1.1111111111111112,2.4737921805175955,0.8193807212396795,0.01372510907484856,0.0,0.002163711094504429,0.9160416666666666,0.0
bank,tree,13,3,exemplar_mismatch,r2_realistic,learned_router,1.0,0.0,0.3846216521866592,0.3846216521866592,1.0,2.473559733187812,0.8056556121648311,0.0,0.05555555555555555,8.849996245569653e-06,1.0,1.0
bank,tree,13,3,exemplar_mismatch,r2_realistic,learned_router_no_geometry,1.0,0.0,0.3846216521866592,0.3846216521866592,1.0,2.473559733187812,0.8056556121648311,0.0,0.05555555555555555,8.849996245569653e-06,1.0,1.0
bank,tree,13,3,exemplar_mismatch,r2_realistic,learned_router_no_shift,1.0,0.0,0.3846216521866592,0.3846216521866592,1.0,2.473559733187812,0.8056556121648311,0.0,0.05555555555555555,8.849996245569653e-06,1.0,1.0
bank,tree,13,3,exemplar_mismatch,r2_realistic,nn_positive_train,0.2777777777777778,0.0,5.782405434094167,2.3274948827197868,6.666666666666667,2.234759242171939,728.6731748759755,727.8675192638107,,9.388895705342293e-07,0.0,0.0
bank,tree,13,3,exemplar_mismatch,r2_realistic,projection_only,1.0,0.0,0.3846216521866592,0.3846216521866592,1.0,2.473559733187812,0.8056556121648311,0.0,0.05555555555555555,8.849996245569653e-06,1.0,1.0
bank,tree,13,3,exemplar_mismatch,r2_realistic,rule_router,1.0,0.0,0.3846216521866592,0.3846216521866592,1.0,2.473559733187812,0.8056556121648311,0.0,0.05555555555555555,8.849996245569653e-06,1.0,1.0
bank,tree,13,3,exemplar_mismatch,r2_realistic,safe_router,1.0,0.0,0.3846216521866592,0.3846216521866592,1.0,2.473559733187812,0.8056556121648311,0.0,0.05555555555555555,8.849996245569653e-06,1.0,1.0
bank,tree,13,3,exemplar_mismatch,r2_realistic,utility_router,1.0,0.0,0.3846216521866592,0.3846216521866592,1.0,2.473559733187812,0.8056556121648311,0.0,0.05555555555555555,8.849996245569653e-06,1.0,1.0
bank,tree,13,3,exemplar_mismatch,r2_realistic,utility_router_guarded,1.0,0.0,0.3846216521866592,0.3846216521866592,1.0,2.473559733187812,0.8056556121648311,0.0,0.05555555555555555,8.849996245569653e-06,1.0,1.0
bank,tree,13,3,exemplar_mismatch,r2_realistic,utility_router_no_geometry,1.0,0.0,0.3846216521866592,0.3846216521866592,1.0,2.473559733187812,0.8056556121648311,0.0,0.05555555555555555,8.849996245569653e-06,1.0,1.0
bank,tree,13,3,exemplar_mismatch,r2_realistic,utility_router_no_shift,1.0,0.0,0.3846216521866592,0.3846216521866592,1.0,2.473559733187812,0.8056556121648311,0.0,0.05555555555555555,8.849996245569653e-06,1.0,1.0
bank,tree,13,3,in_domain,r2_realistic,cascade_exact_auto,1.0,0.0,0.3846216521866592,0.3846216521866592,1.0,2.473559733187812,0.8056556121648311,0.0,0.05555555555555555,0.03465317220737537,1.0,1.0
bank,tree,13,3,in_domain,r2_realistic,exact_tree_milp,0.2777777777777778,0.0,2.000000024792722,1.4142135623730951,2.0,2.4123104444923484,722.9060684976297,722.1004128854647,0.6666666666666666,0.05611460555034379,-1.0,0.0
bank,tree,13,3,in_domain,r2_realistic,fixed_blend,1.0,0.0,0.3846216521866592,0.3846216521866592,1.0,2.473559733187812,0.8056556121648311,0.0,0.05555555555555555,7.622215586404006e-06,1.0,1.0
bank,tree,13,3,in_domain,r2_realistic,fixed_blend_no_repair,1.0,0.0,0.3846216521866592,0.3846216521866592,1.0,2.473559733187812,0.8056556121648311,0.0,0.05555555555555555,4.149999262558089e-06,1.0,1.0
bank,tree,13,3,in_domain,r2_realistic,knn_mean_k5,1.0,0.0,7.065260896867535,2.57537896062195,8.88888888888889,1.9064563588326162,7.795673795136872,6.990018182972041,,9.388895705342293e-07,0.0,0.0
bank,tree,13,3,in_domain,r2_realistic,learned_alpha,1.0,0.0,0.39620120948848503,0.38835770416749527,1.1111111111111112,2.4740860818656607,0.8228696773238897,0.017214065159058663,0.0,0.002190449992970874,0.91625,0.0
bank,tree,13,3,in_domain,r2_realistic,learned_router,1.0,0.0,0.3846216521866592,0.3846216521866592,1.0,2.473559733187812,0.8056556121648311,0.0,0.05555555555555555,7.622215586404006e-06,1.0,1.0
bank,tree,13,3,in_domain,r2_realistic,learned_router_no_geometry,1.0,0.0,0.3846216521866592,0.3846216521866592,1.0,2.473559733187812,0.8056556121648311,0.0,0.05555555555555555,7.622215586404006e-06,1.0,1.0
bank,tree,13,3,in_domain,r2_realistic,learned_router_no_shift,1.0,0.0,0.3846216521866592,0.3846216521866592,1.0,2.473559733187812,0.8056556121648311,0.0,0.05555555555555555,7.622215586404006e-06,1.0,1.0
bank,tree,13,3,in_domain,r2_realistic,nn_positive_train,0.3333333333333333,0.0,5.401118086971748,2.243806672213126,6.388888888888889,2.172083106837489,672.7130416641085,671.9073860519436,,9.000003855261538e-07,0.0,0.0
bank,tree,13,3,in_domain,r2_realistic,projection_only,1.0,0.0,0.3846216521866592,0.3846216521866592,1.0,2.473559733187812,0.8056556121648311,0.0,0.05555555555555555,7.622215586404006e-06,1.0,1.0
bank,tree,13,3,in_domain,r2_realistic,rule_router,1.0,0.0,0.3846216521866592,0.3846216521866592,1.0,2.473559733187812,0.8056556121648311,0.0,0.05555555555555555,7.622215586404006e-06,1.0,1.0
bank,tree,13,3,in_domain,r2_realistic,safe_router,1.0,0.0,0.3846216521866592,0.3846216521866592,1.0,2.473559733187812,0.8056556121648311,0.0,0.05555555555555555,7.622215586404006e-06,1.0,1.0
bank,tree,13,3,in_domain,r2_realistic,utility_router,1.0,0.0,0.3846216521866592,0.3846216521866592,1.0,2.473559733187812,0.8056556121648311,0.0,0.05555555555555555,7.622215586404006e-06,1.0,1.0
bank,tree,13,3,in_domain,r2_realistic,utility_router_guarded,1.0,0.0,0.3846216521866592,0.3846216521866592,1.0,2.473559733187812,0.8056556121648311,0.0,0.05555555555555555,7.622215586404006e-06,1.0,1.0
bank,tree,13,3,in_domain,r2_realistic,utility_router_no_geometry,1.0,0.0,0.3846216521866592,0.3846216521866592,1.0,2.473559733187812,0.8056556121648311,0.0,0.05555555555555555,7.622215586404006e-06,1.0,1.0
bank,tree,13,3,in_domain,r2_realistic,utility_router_no_shift,1.0,0.0,0.3846216521866592,0.3846216521866592,1.0,2.473559733187812,0.8056556121648311,0.0,0.05555555555555555,7.622215586404006e-06,1.0,1.0
bank,tree,13,3,subgroup_shift,r2_realistic,cascade_exact_auto,1.0,0.0,0.3846216521866592,0.3846216521866592,1.0,2.986920479203839,0.882659724067235,0.0,0.0,0.05825939995702356,1.0,1.0
bank,tree,13,3,subgroup_shift,r2_realistic,exact_tree_milp,1.0,0.0,2.0000000335010033,1.4142135623730951,2.0,3.0889162001333026,2.5633374635209987,1.6806777394537638,0.0,0.05825939995702356,-1.0,0.0
bank,tree,13,3,subgroup_shift,r2_realistic,fixed_blend,1.0,0.0,0.3846216521866592,0.3846216521866592,1.0,2.986920479203839,0.882659724067235,0.0,0.0,6.300047971308231e-06,1.0,1.0
bank,tree,13,3,subgroup_shift,r2_realistic,fixed_blend_no_repair,1.0,0.0,0.3846216521866592,0.3846216521866592,1.0,2.986920479203839,0.882659724067235,0.0,0.0,3.500026650726795e-06,1.0,1.0
bank,tree,13,3,subgroup_shift,r2_realistic,knn_mean_k5,1.0,0.0,10.922363306973434,3.790350427494297,10.0,1.9363831376680416,11.71282077762364,10.830161053556406,,1.100008375942707e-06,0.0,0.0
bank,tree,13,3,subgroup_shift,r2_realistic,learned_alpha,1.0,0.0,0.3846216521866592,0.3846216521866592,1.0,2.986920479203839,0.882659724067235,0.0,0.0,0.002668099943548441,0.9175,0.0
bank,tree,13,3,subgroup_shift,r2_realistic,learned_router,1.0,0.0,0.3846216521866592,0.3846216521866592,1.0,2.986920479203839,0.882659724067235,0.0,0.0,6.300047971308231e-06,1.0,1.0
bank,tree,13,3,subgroup_shift,r2_realistic,learned_router_no_geometry,1.0,0.0,0.3846216521866592,0.3846216521866592,1.0,2.986920479203839,0.882659724067235,0.0,0.0,6.300047971308231e-06,1.0,1.0
bank,tree,13,3,subgroup_shift,r2_realistic,learned_router_no_shift,1.0,0.0,0.3846216521866592,0.3846216521866592,1.0,2.986920479203839,0.882659724067235,0.0,0.0,6.300047971308231e-06,1.0,1.0
bank,tree,13,3,subgroup_shift,r2_realistic,nn_positive_train,1.0,0.0,10.347745355971142,3.4637976914732898,10.0,2.1680987781924426,11.172960172700009,10.290300448632774,,8.00006091594696e-07,0.0,0.0
bank,tree,13,3,subgroup_shift,r2_realistic,projection_only,1.0,0.0,0.3846216521866592,0.3846216521866592,1.0,2.986920479203839,0.882659724067235,0.0,0.0,6.300047971308231e-06,1.0,1.0
bank,tree,13,3,subgroup_shift,r2_realistic,rule_router,1.0,0.0,0.3846216521866592,0.3846216521866592,1.0,2.986920479203839,0.882659724067235,0.0,0.0,6.300047971308231e-06,1.0,1.0
bank,tree,13,3,subgroup_shift,r2_realistic,safe_router,1.0,0.0,0.3846216521866592,0.3846216521866592,1.0,2.986920479203839,0.882659724067235,0.0,0.0,6.300047971308231e-06,1.0,1.0
bank,tree,13,3,subgroup_shift,r2_realistic,utility_router,1.0,0.0,0.3846216521866592,0.3846216521866592,1.0,2.986920479203839,0.882659724067235,0.0,0.0,6.300047971308231e-06,1.0,1.0
bank,tree,13,3,subgroup_shift,r2_realistic,utility_router_guarded,1.0,0.0,0.3846216521866592,0.3846216521866592,1.0,2.986920479203839,0.882659724067235,0.0,0.0,6.300047971308231e-06,1.0,1.0
bank,tree,13,3,subgroup_shift,r2_realistic,utility_router_no_geometry,1.0,0.0,0.3846216521866592,0.3846216521866592,1.0,2.986920479203839,0.882659724067235,0.0,0.0,6.300047971308231e-06,1.0,1.0
bank,tree,13,3,subgroup_shift,r2_realistic,utility_router_no_shift,1.0,0.0,0.3846216521866592,0.3846216521866592,1.0,2.986920479203839,0.882659724067235,0.0,0.0,6.300047971308231e-06,1.0,1.0
compas,tree,7,3,covariate_shift,r2_realistic,cascade_exact_auto,1.0,0.0,1.3136230718626254,1.3136230718626254,1.0,1.8176631407971264,1.6362725429821943,0.0,0.9,0.04143975003389642,1.0,1.0
compas,tree,7,3,covariate_shift,r2_realistic,exact_tree_milp,0.5,0.0,2.022000334229406,2.022000299656272,1.0,2.0738886299429193,501.19154181436045,499.5552692713783,0.1,0.051987570035271345,-1.0,0.0
compas,tree,7,3,covariate_shift,r2_realistic,fixed_blend,1.0,0.0,1.3136230718626254,1.3136230718626254,1.0,1.8176631407971264,1.6362725429821943,0.0,0.9,7.620011456310749e-06,1.0,1.0
compas,tree,7,3,covariate_shift,r2_realistic,fixed_blend_no_repair,1.0,0.0,1.3136230718626254,1.3136230718626254,1.0,1.8176631407971264,1.6362725429821943,0.0,0.9,4.04000747948885e-06,1.0,1.0
compas,tree,7,3,covariate_shift,r2_realistic,knn_mean_k5,1.0,0.0,4.064709539393851,2.25205096793947,4.2,1.0492834754493168,4.432102060711249,2.7958295177290546,,1.0500079952180386e-06,0.0,0.0
compas,tree,7,3,covariate_shift,r2_realistic,learned_alpha,1.0,0.0,1.3136230718626254,1.3136230718626254,1.0,1.8176631407971264,1.6362725429821943,0.0,0.9,7.620011456310749e-06,1.0,1.0
compas,tree,7,3,covariate_shift,r2_realistic,learned_router,1.0,0.0,1.3136230718626254,1.3136230718626254,1.0,1.8176631407971264,1.6362725429821943,0.0,0.9,7.620011456310749e-06,1.0,1.0
compas,tree,7,3,covariate_shift,r2_realistic,learned_router_no_geometry,1.0,0.0,1.3136230718626254,1.3136230718626254,1.0,1.8176631407971264,1.6362725429821943,0.0,0.9,7.620011456310749e-06,1.0,1.0
compas,tree,7,3,covariate_shift,r2_realistic,learned_router_no_shift,1.0,0.0,1.3136230718626254,1.3136230718626254,1.0,1.8176631407971264,1.6362725429821943,0.0,0.9,7.620011456310749e-06,1.0,1.0
compas,tree,7,3,covariate_shift,r2_realistic,nn_positive_train,0.9,0.0,3.934698129051944,2.1725212584294264,4.4,1.308607116906762,104.35098919658796,102.71471665360575,,9.999843314290046e-07,0.0,0.0
compas,tree,7,3,covariate_shift,r2_realistic,projection_only,1.0,0.0,1.3136230718626254,1.3136230718626254,1.0,1.8176631407971264,1.6362725429821943,0.0,0.9,7.620011456310749e-06,1.0,1.0
compas,tree,7,3,covariate_shift,r2_realistic,rule_router,1.0,0.0,1.3136230718626254,1.3136230718626254,1.0,1.8176631407971264,1.6362725429821943,0.0,0.9,7.620011456310749e-06,1.0,1.0
compas,tree,7,3,covariate_shift,r2_realistic,safe_router,0.8,0.2,0.8373004543436955,0.8373004543436955,1.0,1.530012533434534,1.39951543739134,-0.23675710559085422,0.9,0.001878110016696155,1.0,1.0
compas,tree,7,3,covariate_shift,r2_realistic,utility_router,1.0,0.0,1.3136230718626254,1.3136230718626254,1.0,1.8176631407971264,1.6362725429821943,0.0,0.9,7.620011456310749e-06,1.0,1.0
compas,tree,7,3,covariate_shift,r2_realistic,utility_router_guarded,1.0,0.0,1.3136230718626254,1.3136230718626254,1.0,1.8176631407971264,1.6362725429821943,0.0,0.9,7.620011456310749e-06,1.0,1.0
compas,tree,7,3,covariate_shift,r2_realistic,utility_router_no_geometry,1.0,0.0,1.3136230718626254,1.3136230718626254,1.0,1.8176631407971264,1.6362725429821943,0.0,0.9,7.620011456310749e-06,1.0,1.0
compas,tree,7,3,covariate_shift,r2_realistic,utility_router_no_shift,1.0,0.0,1.3136230718626254,1.3136230718626254,1.0,1.8176631407971264,1.6362725429821943,0.0,0.9,7.620011456310749e-06,1.0,1.0
compas,tree,7,3,exemplar_mismatch,r2_realistic,cascade_exact_auto,1.0,0.0,0.9923387804679067,0.9923387804679067,1.0,1.3463963143211892,1.244298227616085,0.0,0.9375,0.03248697497474495,1.0,1.0
compas,tree,7,3,exemplar_mismatch,r2_realistic,exact_tree_milp,0.3125,0.0,2.2228389101347297,2.2228388777576455,1.0,1.7018326975938696,688.2900355671168,687.0457373395008,0.0625,0.05188473749149125,-1.0,0.0
compas,tree,7,3,exemplar_mismatch,r2_realistic,fixed_blend,1.0,0.0,0.9923387804679067,0.9923387804679067,1.0,1.3463963143211892,1.244298227616085,0.0,0.9375,7.718736014794558e-06,1.0,1.0
compas,tree,7,3,exemplar_mismatch,r2_realistic,fixed_blend_no_repair,1.0,0.0,0.9923387804679067,0.9923387804679067,1.0,1.3463963143211892,1.244298227616085,0.0,0.9375,3.812507202383131e-06,1.0,1.0
compas,tree,7,3,exemplar_mismatch,r2_realistic,knn_mean_k5,1.0,0.0,2.537035358012125,1.9279659712600898,1.625,0.8599106043773026,2.7472719486687205,1.5029737210526355,,9.062423487193882e-07,0.0,0.0
compas,tree,7,3,exemplar_mismatch,r2_realistic,learned_alpha,1.0,0.0,0.9923387804679067,0.9923387804679067,1.0,1.3463963143211892,1.244298227616085,0.0,0.9375,7.718736014794558e-06,1.0,1.0
compas,tree,7,3,exemplar_mismatch,r2_realistic,learned_router,1.0,0.0,0.9923387804679067,0.9923387804679067,1.0,1.3463963143211892,1.244298227616085,0.0,0.9375,7.718736014794558e-06,1.0,1.0
compas,tree,7,3,exemplar_mismatch,r2_realistic,learned_router_no_geometry,1.0,0.0,0.9923387804679067,0.9923387804679067,1.0,1.3463963143211892,1.244298227616085,0.0,0.9375,7.718736014794558e-06,1.0,1.0
compas,tree,7,3,exemplar_mismatch,r2_realistic,learned_router_no_shift,1.0,0.0,0.9923387804679067,0.9923387804679067,1.0,1.3463963143211892,1.244298227616085,0.0,0.9375,7.718736014794558e-06,1.0,1.0
compas,tree,7,3,exemplar_mismatch,r2_realistic,nn_positive_train,0.9375,0.0,2.431698101297256,1.7157727335485404,1.625,0.9561140443244508,65.15636520794592,63.91206698032983,,9.56250005401671e-07,0.0,0.0
compas,tree,7,3,exemplar_mismatch,r2_realistic,projection_only,1.0,0.0,0.9923387804679067,0.9923387804679067,1.0,1.3463963143211892,1.244298227616085,0.0,0.9375,7.718736014794558e-06,1.0,1.0
compas,tree,7,3,exemplar_mismatch,r2_realistic,rule_router,1.0,0.0,0.9923387804679067,0.9923387804679067,1.0,1.3463963143211892,1.244298227616085,0.0,0.9375,7.718736014794558e-06,1.0,1.0
compas,tree,7,3,exemplar_mismatch,r2_realistic,safe_router,0.875,0.125,0.645565446243362,0.645565446243362,1.0,1.1696995878268486,1.0784388175553656,-0.16585941006071947,0.9375,0.001013674984278623,1.0,1.0
compas,tree,7,3,exemplar_mismatch,r2_realistic,utility_router,1.0,0.0,0.9923387804679067,0.9923387804679067,1.0,1.3463963143211892,1.244298227616085,0.0,0.9375,7.718736014794558e-06,1.0,1.0
compas,tree,7,3,exemplar_mismatch,r2_realistic,utility_router_guarded,1.0,0.0,0.9923387804679067,0.9923387804679067,1.0,1.3463963143211892,1.244298227616085,0.0,0.9375,7.718736014794558e-06,1.0,1.0
compas,tree,7,3,exemplar_mismatch,r2_realistic,utility_router_no_geometry,1.0,0.0,0.9923387804679067,0.9923387804679067,1.0,1.3463963143211892,1.244298227616085,0.0,0.9375,7.718736014794558e-06,1.0,1.0
compas,tree,7,3,exemplar_mismatch,r2_realistic,utility_router_no_shift,1.0,0.0,0.9923387804679067,0.9923387804679067,1.0,1.3463963143211892,1.244298227616085,0.0,0.9375,7.718736014794558e-06,1.0,1.0
compas,tree,7,3,in_domain,r2_realistic,cascade_exact_auto,1.0,0.0,0.9923387804679067,0.9923387804679067,1.0,1.3463963143211892,1.244298227616085,0.0,0.875,0.042806818753888365,1.0,1.0
compas,tree,7,3,in_domain,r2_realistic,exact_tree_milp,0.3125,0.0,2.2228389101347297,2.2228388777576455,1.0,1.7018326975938696,688.2900355671168,687.0457373395008,0.125,0.05264398123836145,-1.0,0.0
compas,tree,7,3,in_domain,r2_realistic,fixed_blend,1.0,0.0,0.9923387804679067,0.9923387804679067,1.0,1.3463963143211892,1.244298227616085,0.0,0.875,7.450005796272308e-06,1.0,1.0
compas,tree,7,3,in_domain,r2_realistic,fixed_blend_no_repair,1.0,0.0,0.9923387804679067,0.9923387804679067,1.0,1.3463963143211892,1.244298227616085,0.0,0.875,3.925015334971249e-06,1.0,1.0
compas,tree,7,3,in_domain,r2_realistic,knn_mean_k5,1.0,0.0,2.176153933644354,1.692141653131318,1.5,0.9399827821295613,2.3921513509637884,1.1478531233477034,,1.0937437764368951e-06,0.0,0.0
compas,tree,7,3,in_domain,r2_realistic,learned_alpha,1.0,0.0,0.9923387804679067,0.9923387804679067,1.0,1.3463963143211892,1.244298227616085,0.0,0.875,7.450005796272308e-06,1.0,1.0
compas,tree,7,3,in_domain,r2_realistic,learned_router,1.0,0.0,0.9923387804679067,0.9923387804679067,1.0,1.3463963143211892,1.244298227616085,0.0,0.875,7.450005796272308e-06,1.0,1.0
compas,tree,7,3,in_domain,r2_realistic,learned_router_no_geometry,1.0,0.0,0.9923387804679067,0.9923387804679067,1.0,1.3463963143211892,1.244298227616085,0.0,0.875,7.450005796272308e-06,1.0,1.0
compas,tree,7,3,in_domain,r2_realistic,learned_router_no_shift,1.0,0.0,0.9923387804679067,0.9923387804679067,1.0,1.3463963143211892,1.244298227616085,0.0,0.875,7.450005796272308e-06,1.0,1.0
compas,tree,7,3,in_domain,r2_realistic,nn_positive_train,0.875,0.0,1.968044385210564,1.5096749489401307,1.4375,1.3298977468627784,127.23940404723997,125.99510581962389,,1.0874791769310832e-06,0.0,0.0
compas,tree,7,3,in_domain,r2_realistic,projection_only,1.0,0.0,0.9923387804679067,0.9923387804679067,1.0,1.3463963143211892,1.244298227616085,0.0,0.875,7.450005796272308e-06,1.0,1.0
compas,tree,7,3,in_domain,r2_realistic,rule_router,1.0,0.0,0.9923387804679067,0.9923387804679067,1.0,1.3463963143211892,1.244298227616085,0.0,0.875,7.450005796272308e-06,1.0,1.0
compas,tree,7,3,in_domain,r2_realistic,safe_router,0.875,0.125,0.645565446243362,0.645565446243362,1.0,1.1696995878268486,1.0784388175553656,-0.16585941006071947,0.875,0.0011828374917968176,1.0,1.0
compas,tree,7,3,in_domain,r2_realistic,utility_router,1.0,0.0,0.9923387804679067,0.9923387804679067,1.0,1.3463963143211892,1.244298227616085,0.0,0.875,7.450005796272308e-06,1.0,1.0
compas,tree,7,3,in_domain,r2_realistic,utility_router_guarded,1.0,0.0,0.9923387804679067,0.9923387804679067,1.0,1.3463963143211892,1.244298227616085,0.0,0.875,7.450005796272308e-06,1.0,1.0
compas,tree,7,3,in_domain,r2_realistic,utility_router_no_geometry,1.0,0.0,0.9923387804679067,0.9923387804679067,1.0,1.3463963143211892,1.244298227616085,0.0,0.875,7.450005796272308e-06,1.0,1.0
compas,tree,7,3,in_domain,r2_realistic,utility_router_no_shift,1.0,0.0,0.9923387804679067,0.9923387804679067,1.0,1.3463963143211892,1.244298227616085,0.0,0.875,7.450005796272308e-06,1.0,1.0
compas,tree,7,3,subgroup_shift,r2_realistic,cascade_exact_auto,1.0,0.0,0.12213399797441943,0.12213399797441943,1.0,2.1274975091596913,0.4912586243483731,0.0,1.0,0.05318769998848438,1.0,1.0
compas,tree,7,3,subgroup_shift,r2_realistic,exact_tree_milp,0.0,0.0,,,,,1000.0,999.5087413756517,0.0,0.05318769998848438,-1.0,0.0
compas,tree,7,3,subgroup_shift,r2_realistic,fixed_blend,1.0,0.0,0.12213399797441943,0.12213399797441943,1.0,2.1274975091596913,0.4912586243483731,0.0,1.0,8.399947546422482e-06,1.0,1.0
compas,tree,7,3,subgroup_shift,r2_realistic,fixed_blend_no_repair,1.0,0.0,0.12213399797441943,0.12213399797441943,1.0,2.1274975091596913,0.4912586243483731,0.0,1.0,3.300025127828121e-06,1.0,1.0
compas,tree,7,3,subgroup_shift,r2_realistic,knn_mean_k5,1.0,0.0,1.8051670196304945,1.5401953117111857,2.0,1.47881562202673,2.1269893629345042,1.635730738586131,,1.200009137392044e-06,0.0,0.0
compas,tree,7,3,subgroup_shift,r2_realistic,learned_alpha,1.0,0.0,0.12213399797441943,0.12213399797441943,1.0,2.1274975091596913,0.4912586243483731,0.0,1.0,8.399947546422482e-06,1.0,1.0
compas,tree,7,3,subgroup_shift,r2_realistic,learned_router,1.0,0.0,0.12213399797441943,0.12213399797441943,1.0,2.1274975091596913,0.4912586243483731,0.0,1.0,8.399947546422482e-06,1.0,1.0
compas,tree,7,3,subgroup_shift,r2_realistic,learned_router_no_geometry,1.0,0.0,0.12213399797441943,0.12213399797441943,1.0,2.1274975091596913,0.4912586243483731,0.0,1.0,8.399947546422482e-06,1.0,1.0
compas,tree,7,3,subgroup_shift,r2_realistic,learned_router_no_shift,1.0,0.0,0.12213399797441943,0.12213399797441943,1.0,2.1274975091596913,0.4912586243483731,0.0,1.0,8.399947546422482e-06,1.0,1.0
compas,tree,7,3,subgroup_shift,r2_realistic,nn_positive_train,1.0,0.0,0.24426800861244774,0.24426800861244774,1.0,2.1362770000269102,0.6147095586164842,0.12345093426811116,,1.00000761449337e-06,0.0,0.0
compas,tree,7,3,subgroup_shift,r2_realistic,projection_only,1.0,0.0,0.12213399797441943,0.12213399797441943,1.0,2.1274975091596913,0.4912586243483731,0.0,1.0,8.399947546422482e-06,1.0,1.0
compas,tree,7,3,subgroup_shift,r2_realistic,rule_router,1.0,0.0,0.12213399797441943,0.12213399797441943,1.0,2.1274975091596913,0.4912586243483731,0.0,1.0,8.399947546422482e-06,1.0,1.0
compas,tree,7,3,subgroup_shift,r2_realistic,safe_router,1.0,0.0,0.12213399797441943,0.12213399797441943,1.0,2.1274975091596913,0.4912586243483731,0.0,1.0,8.399947546422482e-06,1.0,1.0
compas,tree,7,3,subgroup_shift,r2_realistic,utility_router,1.0,0.0,0.12213399797441943,0.12213399797441943,1.0,2.1274975091596913,0.4912586243483731,0.0,1.0,8.399947546422482e-06,1.0,1.0
compas,tree,7,3,subgroup_shift,r2_realistic,utility_router_guarded,1.0,0.0,0.12213399797441943,0.12213399797441943,1.0,2.1274975091596913,0.4912586243483731,0.0,1.0,8.399947546422482e-06,1.0,1.0
compas,tree,7,3,subgroup_shift,r2_realistic,utility_router_no_geometry,1.0,0.0,0.12213399797441943,0.12213399797441943,1.0,2.1274975091596913,0.4912586243483731,0.0,1.0,8.399947546422482e-06,1.0,1.0
compas,tree,7,3,subgroup_shift,r2_realistic,utility_router_no_shift,1.0,0.0,0.12213399797441943,0.12213399797441943,1.0,2.1274975091596913,0.4912586243483731,0.0,1.0,8.399947546422482e-06,1.0,1.0
compas,tree,13,3,covariate_shift,r2_realistic,cascade_exact_auto,1.0,0.0,0.7029745179786377,0.7029745179786377,1.0,1.9486294962147377,1.0452689424108483,0.0,0.625,0.029087249989970587,1.0,1.0
compas,tree,13,3,covariate_shift,r2_realistic,exact_tree_milp,1.0,0.0,0.7029745301127743,0.7029745134924021,1.0,1.9486294908564792,1.045268953741246,1.1330397765851874e-08,0.375,0.04469180000887718,-1.0,0.0
compas,tree,13,3,covariate_shift,r2_realistic,fixed_blend,1.0,0.0,0.7029745179786377,0.7029745179786377,1.0,1.9486294962147377,1.0452689424108483,0.0,0.625,9.837516699917614e-06,1.0,1.0
compas,tree,13,3,covariate_shift,r2_realistic,fixed_blend_no_repair,1.0,0.0,0.7029745179786377,0.7029745179786377,1.0,1.9486294962147377,1.0452689424108483,0.0,0.625,4.550005542114377e-06,1.0,1.0
compas,tree,13,3,covariate_shift,r2_realistic,knn_mean_k5,1.0,0.0,3.5493852767325444,2.379014801501221,4.375,0.6621203354367536,3.8674533270480578,2.822184384637209,,1.3124954421073198e-06,0.0,0.0
compas,tree,13,3,covariate_shift,r2_realistic,learned_alpha,1.0,0.0,0.7029745179786377,0.7029745179786377,1.0,1.9486294962147377,1.0452689424108483,0.0,0.625,9.837516699917614e-06,1.0,1.0
compas,tree,13,3,covariate_shift,r2_realistic,learned_router,1.0,0.0,0.7029745179786377,0.7029745179786377,1.0,1.9486294962147377,1.0452689424108483,0.0,0.625,9.837516699917614e-06,1.0,1.0
compas,tree,13,3,covariate_shift,r2_realistic,learned_router_no_geometry,1.0,0.0,0.7029745179786377,0.7029745179786377,1.0,1.9486294962147377,1.0452689424108483,0.0,0.625,9.837516699917614e-06,1.0,1.0
compas,tree,13,3,covariate_shift,r2_realistic,learned_router_no_shift,1.0,0.0,0.7029745179786377,0.7029745179786377,1.0,1.9486294962147377,1.0452689424108483,0.0,0.625,9.837516699917614e-06,1.0,1.0
compas,tree,13,3,covariate_shift,r2_realistic,nn_positive_train,0.625,0.0,3.4950266596500676,2.386288912679191,4.0,0.6340254850741888,378.7901304824112,377.74486154000033,,1.0124931577593088e-06,0.0,0.0
compas,tree,13,3,covariate_shift,r2_realistic,projection_only,1.0,0.0,0.7029745179786377,0.7029745179786377,1.0,1.9486294962147377,1.0452689424108483,0.0,0.625,9.837516699917614e-06,1.0,1.0
compas,tree,13,3,covariate_shift,r2_realistic,rule_router,1.0,0.0,0.7029745179786377,0.7029745179786377,1.0,1.9486294962147377,1.0452689424108483,0.0,0.625,9.837516699917614e-06,1.0,1.0
compas,tree,13,3,covariate_shift,r2_realistic,safe_router,1.0,0.0,0.7029745179786377,0.7029745179786377,1.0,1.9486294962147377,1.0452689424108483,0.0,0.625,9.837516699917614e-06,1.0,1.0
compas,tree,13,3,covariate_shift,r2_realistic,utility_router,1.0,0.0,0.7029745179786377,0.7029745179786377,1.0,1.9486294962147377,1.0452689424108483,0.0,0.625,9.837516699917614e-06,1.0,1.0
compas,tree,13,3,covariate_shift,r2_realistic,utility_router_guarded,1.0,0.0,0.7029745179786377,0.7029745179786377,1.0,1.9486294962147377,1.0452689424108483,0.0,0.625,9.837516699917614e-06,1.0,1.0
compas,tree,13,3,covariate_shift,r2_realistic,utility_router_no_geometry,1.0,0.0,0.7029745179786377,0.7029745179786377,1.0,1.9486294962147377,1.0452689424108483,0.0,0.625,9.837516699917614e-06,1.0,1.0
compas,tree,13,3,covariate_shift,r2_realistic,utility_router_no_shift,1.0,0.0,0.7029745179786377,0.7029745179786377,1.0,1.9486294962147377,1.0452689424108483,0.0,0.625,9.837516699917614e-06,1.0,1.0
compas,tree,13,3,exemplar_mismatch,r2_realistic,cascade_exact_auto,1.0,0.0,0.6427115348189442,0.6427115348189442,1.0,1.335455265051964,0.8930298245767387,0.0,0.5833333333333334,0.032474916661158204,1.0,1.0
compas,tree,13,3,exemplar_mismatch,r2_realistic,exact_tree_milp,1.0,0.0,0.6427115505417245,0.6427115303327082,1.0,1.3354552630710887,0.8930298400023878,1.5425649022016152e-08,0.4166666666666667,0.03905620831452931,-1.0,0.0
compas,tree,13,3,exemplar_mismatch,r2_realistic,fixed_blend,1.0,0.0,0.6427115348189442,0.6427115348189442,1.0,1.335455265051964,0.8930298245767387,0.0,0.5833333333333334,7.783334391812483e-06,1.0,1.0
compas,tree,13,3,exemplar_mismatch,r2_realistic,fixed_blend_no_repair,1.0,0.0,0.6427115348189442,0.6427115348189442,1.0,1.335455265051964,0.8930298245767387,0.0,0.5833333333333334,4.216669670616587e-06,1.0,1.0
compas,tree,13,3,exemplar_mismatch,r2_realistic,knn_mean_k5,1.0,0.0,3.2913147450010443,2.233911888528467,2.8333333333333335,0.860681762240299,3.562083676003756,2.6690538514270172,,9.33340440193812e-07,0.0,0.0
compas,tree,13,3,exemplar_mismatch,r2_realistic,learned_alpha,1.0,0.0,0.6427115348189442,0.6427115348189442,1.0,1.335455265051964,0.8930298245767387,0.0,0.5833333333333334,7.783334391812483e-06,1.0,1.0
compas,tree,13,3,exemplar_mismatch,r2_realistic,learned_router,1.0,0.0,0.6427115348189442,0.6427115348189442,1.0,1.335455265051964,0.8930298245767387,0.0,0.5833333333333334,7.783334391812483e-06,1.0,1.0
compas,tree,13,3,exemplar_mismatch,r2_realistic,learned_router_no_geometry,1.0,0.0,0.6427115348189442,0.6427115348189442,1.0,1.335455265051964,0.8930298245767387,0.0,0.5833333333333334,7.783334391812483e-06,1.0,1.0
compas,tree,13,3,exemplar_mismatch,r2_realistic,learned_router_no_shift,1.0,0.0,0.6427115348189442,0.6427115348189442,1.0,1.335455265051964,0.8930298245767387,0.0,0.5833333333333334,7.783334391812483e-06,1.0,1.0
compas,tree,13,3,exemplar_mismatch,r2_realistic,nn_positive_train,0.5833333333333334,0.0,1.9618199922488226,1.73080523614097,1.4166666666666667,0.7354787238883783,418.809641800832,417.91661197625535,,9.083402498314778e-07,0.0,0.0
compas,tree,13,3,exemplar_mismatch,r2_realistic,projection_only,1.0,0.0,0.6427115348189442,0.6427115348189442,1.0,1.335455265051964,0.8930298245767387,0.0,0.5833333333333334,7.783334391812483e-06,1.0,1.0
compas,tree,13,3,exemplar_mismatch,r2_realistic,rule_router,1.0,0.0,0.6427115348189442,0.6427115348189442,1.0,1.335455265051964,0.8930298245767387,0.0,0.5833333333333334,7.783334391812483e-06,1.0,1.0
compas,tree,13,3,exemplar_mismatch,r2_realistic,safe_router,1.0,0.0,0.6427115348189442,0.6427115348189442,1.0,1.335455265051964,0.8930298245767387,0.0,0.5833333333333334,7.783334391812483e-06,1.0,1.0
compas,tree,13,3,exemplar_mismatch,r2_realistic,utility_router,1.0,0.0,0.6427115348189442,0.6427115348189442,1.0,1.335455265051964,0.8930298245767387,0.0,0.5833333333333334,7.783334391812483e-06,1.0,1.0
compas,tree,13,3,exemplar_mismatch,r2_realistic,utility_router_guarded,1.0,0.0,0.6427115348189442,0.6427115348189442,1.0,1.335455265051964,0.8930298245767387,0.0,0.5833333333333334,7.783334391812483e-06,1.0,1.0
compas,tree,13,3,exemplar_mismatch,r2_realistic,utility_router_no_geometry,1.0,0.0,0.6427115348189442,0.6427115348189442,1.0,1.335455265051964,0.8930298245767387,0.0,0.5833333333333334,7.783334391812483e-06,1.0,1.0
compas,tree,13,3,exemplar_mismatch,r2_realistic,utility_router_no_shift,1.0,0.0,0.6427115348189442,0.6427115348189442,1.0,1.335455265051964,0.8930298245767387,0.0,0.5833333333333334,7.783334391812483e-06,1.0,1.0
compas,tree,13,3,in_domain,r2_realistic,cascade_exact_auto,1.0,0.0,0.6427115348189442,0.6427115348189442,1.0,1.335455265051964,0.8930298245767387,0.0,0.6666666666666666,0.01730724165099673,1.0,1.0
compas,tree,13,3,in_domain,r2_realistic,exact_tree_milp,1.0,0.0,0.6427115505417245,0.6427115303327082,1.0,1.3354552630710887,0.8930298400023878,1.5425649022016152e-08,0.3333333333333333,0.041091599996434525,-1.0,0.0
compas,tree,13,3,in_domain,r2_realistic,fixed_blend,1.0,0.0,0.6427115348189442,0.6427115348189442,1.0,1.335455265051964,0.8930298245767387,0.0,0.6666666666666666,7.208330013478796e-06,1.0,1.0
compas,tree,13,3,in_domain,r2_realistic,fixed_blend_no_repair,1.0,0.0,0.6427115348189442,0.6427115348189442,1.0,1.335455265051964,0.8930298245767387,0.0,0.6666666666666666,4.016658446441094e-06,1.0,1.0
compas,tree,13,3,in_domain,r2_realistic,knn_mean_k5,1.0,0.0,2.0254405462020424,1.7836762753995379,1.5833333333333333,0.6510466526826767,2.202264210771111,1.3092343861943718,,1.141646256049474e-06,0.0,0.0
compas,tree,13,3,in_domain,r2_realistic,learned_alpha,1.0,0.0,0.6427115348189442,0.6427115348189442,1.0,1.335455265051964,0.8930298245767387,0.0,0.6666666666666666,7.208330013478796e-06,1.0,1.0
compas,tree,13,3,in_domain,r2_realistic,learned_router,1.0,0.0,0.6427115348189442,0.6427115348189442,1.0,1.335455265051964,0.8930298245767387,0.0,0.6666666666666666,7.208330013478796e-06,1.0,1.0
compas,tree,13,3,in_domain,r2_realistic,learned_router_no_geometry,1.0,0.0,0.6427115348189442,0.6427115348189442,1.0,1.335455265051964,0.8930298245767387,0.0,0.6666666666666666,7.208330013478796e-06,1.0,1.0
compas,tree,13,3,in_domain,r2_realistic,learned_router_no_shift,1.0,0.0,0.6427115348189442,0.6427115348189442,1.0,1.335455265051964,0.8930298245767387,0.0,0.6666666666666666,7.208330013478796e-06,1.0,1.0
compas,tree,13,3,in_domain,r2_realistic,nn_positive_train,0.6666666666666666,0.0,1.9357464739534997,1.7538644324725128,1.25,0.6363753508731103,335.42703610991776,334.53400628534104,,9.666643260667722e-07,0.0,0.0
compas,tree,13,3,in_domain,r2_realistic,projection_only,1.0,0.0,0.6427115348189442,0.6427115348189442,1.0,1.335455265051964,0.8930298245767387,0.0,0.6666666666666666,7.208330013478796e-06,1.0,1.0
compas,tree,13,3,in_domain,r2_realistic,rule_router,1.0,0.0,0.6427115348189442,0.6427115348189442,1.0,1.335455265051964,0.8930298245767387,0.0,0.6666666666666666,7.208330013478796e-06,1.0,1.0
compas,tree,13,3,in_domain,r2_realistic,safe_router,1.0,0.0,0.6427115348189442,0.6427115348189442,1.0,1.335455265051964,0.8930298245767387,0.0,0.6666666666666666,7.208330013478796e-06,1.0,1.0
compas,tree,13,3,in_domain,r2_realistic,utility_router,1.0,0.0,0.6427115348189442,0.6427115348189442,1.0,1.335455265051964,0.8930298245767387,0.0,0.6666666666666666,7.208330013478796e-06,1.0,1.0
compas,tree,13,3,in_domain,r2_realistic,utility_router_guarded,1.0,0.0,0.6427115348189442,0.6427115348189442,1.0,1.335455265051964,0.8930298245767387,0.0,0.6666666666666666,7.208330013478796e-06,1.0,1.0
compas,tree,13,3,in_domain,r2_realistic,utility_router_no_geometry,1.0,0.0,0.6427115348189442,0.6427115348189442,1.0,1.335455265051964,0.8930298245767387,0.0,0.6666666666666666,7.208330013478796e-06,1.0,1.0
compas,tree,13,3,in_domain,r2_realistic,utility_router_no_shift,1.0,0.0,0.6427115348189442,0.6427115348189442,1.0,1.335455265051964,0.8930298245767387,0.0,0.6666666666666666,7.208330013478796e-06,1.0,1.0
compas,tree,13,3,subgroup_shift,r2_realistic,cascade_exact_auto,1.0,0.0,0.12050841229680997,0.12050841229680997,1.0,1.6008135034862043,0.4106304378197406,0.0,1.0,0.035638000001199543,1.0,1.0
compas,tree,13,3,subgroup_shift,r2_realistic,exact_tree_milp,1.0,0.0,0.12050844404005101,0.12050840781057558,1.0,1.6008135018178813,0.41063046931273317,3.14929925471219e-08,0.0,0.035638000001199543,-1.0,0.0
compas,tree,13,3,subgroup_shift,r2_realistic,fixed_blend,1.0,0.0,0.12050841229680997,0.12050841229680997,1.0,1.6008135034862043,0.4106304378197406,0.0,1.0,7.0999376475811005e-06,1.0,1.0
compas,tree,13,3,subgroup_shift,r2_realistic,fixed_blend_no_repair,1.0,0.0,0.12050841229680997,0.12050841229680997,1.0,1.6008135034862043,0.4106304378197406,0.0,1.0,4.00003045797348e-06,1.0,1.0
compas,tree,13,3,subgroup_shift,r2_realistic,knn_mean_k5,1.0,0.0,2.518996015585444,2.290693846741198,2.0,1.4276486045539754,2.8331433062685405,2.4225128684487998,,7.00005330145359e-07,0.0,0.0
compas,tree,13,3,subgroup_shift,r2_realistic,learned_alpha,1.0,0.0,0.12050841229680997,0.12050841229680997,1.0,1.6008135034862043,0.4106304378197406,0.0,1.0,7.0999376475811005e-06,1.0,1.0
compas,tree,13,3,subgroup_shift,r2_realistic,learned_router,1.0,0.0,0.12050841229680997,0.12050841229680997,1.0,1.6008135034862043,0.4106304378197406,0.0,1.0,7.0999376475811005e-06,1.0,1.0
compas,tree,13,3,subgroup_shift,r2_realistic,learned_router_no_geometry,1.0,0.0,0.12050841229680997,0.12050841229680997,1.0,1.6008135034862043,0.4106304378197406,0.0,1.0,7.0999376475811005e-06,1.0,1.0
compas,tree,13,3,subgroup_shift,r2_realistic,learned_router_no_shift,1.0,0.0,0.12050841229680997,0.12050841229680997,1.0,1.6008135034862043,0.4106304378197406,0.0,1.0,7.0999376475811005e-06,1.0,1.0
compas,tree,13,3,subgroup_shift,r2_realistic,nn_positive_train,1.0,0.0,2.518996015585444,2.290693846741198,2.0,1.4276486045539754,2.8331433062685405,2.4225128684487998,,8.00006091594696e-07,0.0,0.0
compas,tree,13,3,subgroup_shift,r2_realistic,projection_only,1.0,0.0,0.12050841229680997,0.12050841229680997,1.0,1.6008135034862043,0.4106304378197406,0.0,1.0,7.0999376475811005e-06,1.0,1.0
compas,tree,13,3,subgroup_shift,r2_realistic,rule_router,1.0,0.0,0.12050841229680997,0.12050841229680997,1.0,1.6008135034862043,0.4106304378197406,0.0,1.0,7.0999376475811005e-06,1.0,1.0
compas,tree,13,3,subgroup_shift,r2_realistic,safe_router,1.0,0.0,0.12050841229680997,0.12050841229680997,1.0,1.6008135034862043,0.4106304378197406,0.0,1.0,7.0999376475811005e-06,1.0,1.0
compas,tree,13,3,subgroup_shift,r2_realistic,utility_router,1.0,0.0,0.12050841229680997,0.12050841229680997,1.0,1.6008135034862043,0.4106304378197406,0.0,1.0,7.0999376475811005e-06,1.0,1.0
compas,tree,13,3,subgroup_shift,r2_realistic,utility_router_guarded,1.0,0.0,0.12050841229680997,0.12050841229680997,1.0,1.6008135034862043,0.4106304378197406,0.0,1.0,7.0999376475811005e-06,1.0,1.0
compas,tree,13,3,subgroup_shift,r2_realistic,utility_router_no_geometry,1.0,0.0,0.12050841229680997,0.12050841229680997,1.0,1.6008135034862043,0.4106304378197406,0.0,1.0,7.0999376475811005e-06,1.0,1.0
compas,tree,13,3,subgroup_shift,r2_realistic,utility_router_no_shift,1.0,0.0,0.12050841229680997,0.12050841229680997,1.0,1.6008135034862043,0.4106304378197406,0.0,1.0,7.0999376475811005e-06,1.0,1.0
