dataset,seed,depth,setting,constraint,method,n_subgroups,valid_gap,cost_l1_gap,regret_gap,route_accuracy_gap
adult,7,3,covariate_shift,r1_all_mutable,fixed_blend,2,0.07499999999999996,0.5376361406974954,0.11999126683489614,0.125
adult,7,3,covariate_shift,r1_all_mutable,fixed_blend_no_repair,2,0.07499999999999996,0.5376361406974954,0.11999126683489614,0.125
adult,7,3,covariate_shift,r1_all_mutable,knn_mean_k5,2,0.0,0.8505614506449,75.32099252855862,
adult,7,3,covariate_shift,r1_all_mutable,learned_alpha,2,0.050000000000000044,0.16411325750711403,124.12275622353962,0.08750000000000002
adult,7,3,covariate_shift,r1_all_mutable,learned_router,2,0.07499999999999996,1.05049762527916,0.42976743234693937,0.11250000000000004
adult,7,3,covariate_shift,r1_all_mutable,learned_router_no_geometry,2,0.17500000000000004,2.0235363555745325,98.53686266495163,0.2
adult,7,3,covariate_shift,r1_all_mutable,learned_router_no_shift,2,0.07499999999999996,1.05049762527916,0.42976743234693937,0.11250000000000004
adult,7,3,covariate_shift,r1_all_mutable,nn_positive_train,2,0.0,0.7218129867891134,75.06848246586969,
adult,7,3,covariate_shift,r1_all_mutable,projection_only,2,0.09999999999999998,0.021158045521173285,174.2963990299013,0.23750000000000004
adult,7,3,covariate_shift,r1_all_mutable,rule_router,2,0.09999999999999998,0.021158045521173285,174.2963990299013,0.23750000000000004
adult,7,3,covariate_shift,r1_all_mutable,safe_router,2,0.07499999999999996,1.05049762527916,0.42976743234693937,0.11250000000000004
adult,7,3,covariate_shift,r1_all_mutable,utility_router,2,0.07499999999999996,0.4523548282285348,0.19974337210243664,0.03749999999999998
adult,7,3,covariate_shift,r1_all_mutable,utility_router_guarded,2,0.07499999999999996,0.4523548282285348,0.19974337210243664,0.03749999999999998
adult,7,3,covariate_shift,r1_all_mutable,utility_router_no_geometry,2,0.07499999999999996,0.30332089454942945,0.3832247887471487,0.2
adult,7,3,covariate_shift,r1_all_mutable,utility_router_no_shift,2,0.07499999999999996,0.4523548282285348,0.19974337210243664,0.03749999999999998
adult,7,3,covariate_shift,r2_realistic,fixed_blend,2,0.0,0.030999511256042167,0.0,0.050000000000000044
adult,7,3,covariate_shift,r2_realistic,fixed_blend_no_repair,2,0.0,0.030999511256042167,0.0,0.050000000000000044
adult,7,3,covariate_shift,r2_realistic,knn_mean_k5,2,0.0,0.27684965134204287,0.2719938739046146,
adult,7,3,covariate_shift,r2_realistic,learned_alpha,2,0.0,0.03321415298642072,0.04462134848496008,0.050000000000000044
adult,7,3,covariate_shift,r2_realistic,learned_router,2,0.0,0.030999511256042167,0.0,0.050000000000000044
adult,7,3,covariate_shift,r2_realistic,learned_router_no_geometry,2,0.0,0.030999511256042167,0.0,0.050000000000000044
adult,7,3,covariate_shift,r2_realistic,learned_router_no_shift,2,0.0,0.030999511256042167,0.0,0.050000000000000044
adult,7,3,covariate_shift,r2_realistic,nn_positive_train,2,0.0,1.0482063539998823,1.0527973845270848,
adult,7,3,covariate_shift,r2_realistic,projection_only,2,0.0,0.030999511256042167,0.0,0.050000000000000044
adult,7,3,covariate_shift,r2_realistic,rule_router,2,0.0,0.030999511256042167,0.0,0.050000000000000044
adult,7,3,covariate_shift,r2_realistic,safe_router,2,0.012499999999999956,0.005251518215824591,0.0028243983174878473,0.050000000000000044
adult,7,3,covariate_shift,r2_realistic,utility_router,2,0.0,0.030999511256042167,0.0,0.050000000000000044
adult,7,3,covariate_shift,r2_realistic,utility_router_guarded,2,0.0,0.030999511256042167,0.0,0.050000000000000044
adult,7,3,covariate_shift,r2_realistic,utility_router_no_geometry,2,0.0,0.030999511256042167,0.0,0.050000000000000044
adult,7,3,covariate_shift,r2_realistic,utility_router_no_shift,2,0.0,0.030999511256042167,0.0,0.050000000000000044
adult,7,3,exemplar_mismatch,r1_all_mutable,fixed_blend,2,0.06349206349206349,0.4332966603973345,0.44103538964527544,0.007936507936507936
adult,7,3,exemplar_mismatch,r1_all_mutable,fixed_blend_no_repair,2,0.06349206349206349,0.4332966603973345,0.44103538964527544,0.007936507936507936
adult,7,3,exemplar_mismatch,r1_all_mutable,knn_mean_k5,2,0.0,0.5113362710997738,62.894382046464415,
adult,7,3,exemplar_mismatch,r1_all_mutable,learned_alpha,2,0.05555555555555558,0.13166758643045773,7.830785173212469,0.09523809523809523
adult,7,3,exemplar_mismatch,r1_all_mutable,learned_router,2,0.06349206349206349,0.4419719764838712,0.4624433776467245,0.0
adult,7,3,exemplar_mismatch,r1_all_mutable,learned_router_no_geometry,2,0.11111111111111116,0.26196657251734745,47.3348412731133,0.06349206349206349
adult,7,3,exemplar_mismatch,r1_all_mutable,learned_router_no_shift,2,0.06349206349206349,0.19799682949285735,0.20151467640635712,0.047619047619047616
adult,7,3,exemplar_mismatch,r1_all_mutable,nn_positive_train,2,0.0,0.5769561099115172,62.89165916933041,
adult,7,3,exemplar_mismatch,r1_all_mutable,projection_only,2,0.007936507936507936,0.002318311854786037,55.59070670318829,0.055555555555555525
adult,7,3,exemplar_mismatch,r1_all_mutable,rule_router,2,0.007936507936507936,0.002318311854786037,55.59070670318829,0.055555555555555525
adult,7,3,exemplar_mismatch,r1_all_mutable,safe_router,2,0.06349206349206349,0.42205643446784524,0.22831134174182077,0.0
adult,7,3,exemplar_mismatch,r1_all_mutable,utility_router,2,0.06349206349206349,0.5608159857467827,0.5728459023581243,0.015873015873015872
adult,7,3,exemplar_mismatch,r1_all_mutable,utility_router_guarded,2,0.06349206349206349,0.5608159857467827,0.5728459023581243,0.015873015873015872
adult,7,3,exemplar_mismatch,r1_all_mutable,utility_router_no_geometry,2,0.06349206349206349,0.21505758520973028,0.21159783046902803,0.03968253968253968
adult,7,3,exemplar_mismatch,r1_all_mutable,utility_router_no_shift,2,0.06349206349206349,0.5608159857467827,0.5728459023581243,0.015873015873015872
adult,7,3,exemplar_mismatch,r2_realistic,fixed_blend,2,0.0,0.0795329493549699,0.0,0.007936507936507908
adult,7,3,exemplar_mismatch,r2_realistic,fixed_blend_no_repair,2,0.0,0.0795329493549699,0.0,0.007936507936507908
adult,7,3,exemplar_mismatch,r2_realistic,knn_mean_k5,2,0.0,0.4683978765683037,0.5959968307742942,
adult,7,3,exemplar_mismatch,r2_realistic,learned_alpha,2,0.0,0.08831410601870537,0.001937332307930209,0.08730158730158732
adult,7,3,exemplar_mismatch,r2_realistic,learned_router,2,0.0,0.0795329493549699,0.0,0.007936507936507908
adult,7,3,exemplar_mismatch,r2_realistic,learned_router_no_geometry,2,0.0,0.0795329493549699,0.0,0.007936507936507908
adult,7,3,exemplar_mismatch,r2_realistic,learned_router_no_shift,2,0.0,0.0795329493549699,0.0,0.007936507936507908
adult,7,3,exemplar_mismatch,r2_realistic,nn_positive_train,2,0.0,0.10420648039751068,0.18603163226777886,
adult,7,3,exemplar_mismatch,r2_realistic,projection_only,2,0.0,0.0795329493549699,0.0,0.007936507936507908
adult,7,3,exemplar_mismatch,r2_realistic,rule_router,2,0.0,0.0795329493549699,0.0,0.007936507936507908
adult,7,3,exemplar_mismatch,r2_realistic,safe_router,2,0.015873015873015928,0.0626739443520703,0.0007496036017297786,0.03968253968253965
adult,7,3,exemplar_mismatch,r2_realistic,utility_router,2,0.0,0.0795329493549699,0.0,0.007936507936507908
adult,7,3,exemplar_mismatch,r2_realistic,utility_router_guarded,2,0.0,0.0795329493549699,0.0,0.007936507936507908
adult,7,3,exemplar_mismatch,r2_realistic,utility_router_no_geometry,2,0.0,0.0795329493549699,0.0,0.007936507936507908
adult,7,3,exemplar_mismatch,r2_realistic,utility_router_no_shift,2,0.0,0.0795329493549699,0.0,0.007936507936507908
adult,7,3,in_domain,r1_all_mutable,fixed_blend,2,0.18253968253968256,0.7862501553327457,0.4151755495604412,0.05555555555555555
adult,7,3,in_domain,r1_all_mutable,fixed_blend_no_repair,2,0.18253968253968256,0.7862501553327457,0.4151755495604412,0.05555555555555555
adult,7,3,in_domain,r1_all_mutable,knn_mean_k5,2,0.0,0.9771714474420063,183.28074505243757,
adult,7,3,in_domain,r1_all_mutable,learned_alpha,2,0.12698412698412698,0.08284185282994794,55.07338526958799,0.2142857142857143
adult,7,3,in_domain,r1_all_mutable,learned_router,2,0.18253968253968256,1.1268535892904166,0.7773305227962348,0.11904761904761904
adult,7,3,in_domain,r1_all_mutable,learned_router_no_geometry,2,0.32539682539682535,1.793817604922081,141.3796980964158,0.1746031746031746
adult,7,3,in_domain,r1_all_mutable,learned_router_no_shift,2,0.18253968253968256,1.1268535892904166,0.7773305227962348,0.11904761904761904
adult,7,3,in_domain,r1_all_mutable,nn_positive_train,2,0.0,1.049106311061922,183.22555449673192,
adult,7,3,in_domain,r1_all_mutable,projection_only,2,0.007936507936507936,0.002318311854786037,174.13006260930365,0.1746031746031746
adult,7,3,in_domain,r1_all_mutable,rule_router,2,0.007936507936507936,0.002318311854786037,174.13006260930365,0.1746031746031746
adult,7,3,in_domain,r1_all_mutable,safe_router,2,0.18253968253968256,1.1268535892904166,0.7773305227962348,0.11904761904761904
adult,7,3,in_domain,r1_all_mutable,utility_router,2,0.18253968253968256,0.7915664477021203,0.4198244930817201,0.015873015873015872
adult,7,3,in_domain,r1_all_mutable,utility_router_guarded,2,0.18253968253968256,0.7915664477021203,0.4198244930817201,0.015873015873015872
adult,7,3,in_domain,r1_all_mutable,utility_router_no_geometry,2,0.18253968253968256,1.299111471799622,0.9601521260317734,0.1349206349206349
adult,7,3,in_domain,r1_all_mutable,utility_router_no_shift,2,0.18253968253968256,0.7915664477021203,0.4198244930817201,0.015873015873015872
adult,7,3,in_domain,r2_realistic,fixed_blend,2,0.0,0.0795329493549699,0.0,0.007936507936507908
adult,7,3,in_domain,r2_realistic,fixed_blend_no_repair,2,0.0,0.0795329493549699,0.0,0.007936507936507908
adult,7,3,in_domain,r2_realistic,knn_mean_k5,2,0.0,0.18875004665845463,0.14865784441096075,
adult,7,3,in_domain,r2_realistic,learned_alpha,2,0.0,0.07435364544706835,0.0007761862268968883,0.10317460317460314
adult,7,3,in_domain,r2_realistic,learned_router,2,0.0,0.0795329493549699,0.0,0.007936507936507908
adult,7,3,in_domain,r2_realistic,learned_router_no_geometry,2,0.0,0.0795329493549699,0.0,0.007936507936507908
adult,7,3,in_domain,r2_realistic,learned_router_no_shift,2,0.0,0.0795329493549699,0.0,0.007936507936507908
adult,7,3,in_domain,r2_realistic,nn_positive_train,2,0.0,1.2397914874885165,1.224526938148796,
adult,7,3,in_domain,r2_realistic,projection_only,2,0.0,0.0795329493549699,0.0,0.007936507936507908
adult,7,3,in_domain,r2_realistic,rule_router,2,0.0,0.0795329493549699,0.0,0.007936507936507908
adult,7,3,in_domain,r2_realistic,safe_router,2,0.015873015873015928,0.0626739443520703,0.0007496036017297786,0.03968253968253965
adult,7,3,in_domain,r2_realistic,utility_router,2,0.0,0.0795329493549699,0.0,0.007936507936507908
adult,7,3,in_domain,r2_realistic,utility_router_guarded,2,0.0,0.0795329493549699,0.0,0.007936507936507908
adult,7,3,in_domain,r2_realistic,utility_router_no_geometry,2,0.0,0.0795329493549699,0.0,0.007936507936507908
adult,7,3,in_domain,r2_realistic,utility_router_no_shift,2,0.0,0.0795329493549699,0.0,0.007936507936507908
adult,13,3,covariate_shift,r1_all_mutable,fixed_blend,2,0.0,0.6102764563099878,0.47649039307140084,0.06060606060606061
adult,13,3,covariate_shift,r1_all_mutable,fixed_blend_no_repair,2,0.06060606060606055,0.5302518724618484,60.22006990661082,0.06060606060606061
adult,13,3,covariate_shift,r1_all_mutable,knn_mean_k5,2,0.0,1.3179477287470682,1.2995787807907977,
adult,13,3,covariate_shift,r1_all_mutable,learned_alpha,2,0.0,0.06622381205660965,0.077797718307114,0.1515151515151515
adult,13,3,covariate_shift,r1_all_mutable,learned_router,2,0.0,0.6927657785665593,0.5672844826017487,0.06060606060606061
adult,13,3,covariate_shift,r1_all_mutable,learned_router_no_geometry,2,0.0,0.7675153499112755,0.6499185798172711,0.09090909090909091
adult,13,3,covariate_shift,r1_all_mutable,learned_router_no_shift,2,0.0,0.6641022070890212,0.5335902091056908,0.030303030303030304
adult,13,3,covariate_shift,r1_all_mutable,nn_positive_train,2,0.0,0.7168219119896717,0.5827553324177464,
adult,13,3,covariate_shift,r1_all_mutable,projection_only,2,0.21212121212121213,0.02945824612162229,211.89545105913544,0.15151515151515152
adult,13,3,covariate_shift,r1_all_mutable,rule_router,2,0.21212121212121213,0.02945824612162229,211.89545105913544,0.15151515151515152
adult,13,3,covariate_shift,r1_all_mutable,safe_router,2,0.12121212121212122,0.0,0.03728069156384184,0.09090909090909091
adult,13,3,covariate_shift,r1_all_mutable,utility_router,2,0.0,0.6102764563099878,0.47649039307140084,0.0
adult,13,3,covariate_shift,r1_all_mutable,utility_router_guarded,2,0.0,0.6102764563099878,0.47649039307140084,0.0
adult,13,3,covariate_shift,r1_all_mutable,utility_router_no_geometry,2,0.0,0.6102764563099878,0.47649039307140084,0.0
adult,13,3,covariate_shift,r1_all_mutable,utility_router_no_shift,2,0.0,0.6102764563099878,0.47649039307140084,0.030303030303030304
adult,13,3,covariate_shift,r2_realistic,fixed_blend,2,0.030303030303030276,0.18181818181818166,30.152394329609407,0.030303030303030276
adult,13,3,covariate_shift,r2_realistic,fixed_blend_no_repair,2,0.030303030303030276,0.18181818181818166,30.152394329609407,0.030303030303030276
adult,13,3,covariate_shift,r2_realistic,knn_mean_k5,2,0.0,0.5204477587260969,0.9180546116030692,
adult,13,3,covariate_shift,r2_realistic,learned_alpha,2,0.030303030303030276,0.21181580917046317,30.18398842449129,0.40334378265412746
adult,13,3,covariate_shift,r2_realistic,learned_router,2,0.030303030303030276,0.18181818181818166,30.152394329609407,0.030303030303030276
adult,13,3,covariate_shift,r2_realistic,learned_router_no_geometry,2,0.030303030303030276,0.18181818181818166,30.152394329609407,0.030303030303030276
adult,13,3,covariate_shift,r2_realistic,learned_router_no_shift,2,0.030303030303030276,0.18181818181818166,30.152394329609407,0.030303030303030276
adult,13,3,covariate_shift,r2_realistic,nn_positive_train,2,0.1515151515151515,0.6711085583335095,150.45610898396728,
adult,13,3,covariate_shift,r2_realistic,projection_only,2,0.030303030303030276,0.18181818181818166,30.152394329609407,0.030303030303030276
adult,13,3,covariate_shift,r2_realistic,rule_router,2,0.030303030303030276,0.18181818181818166,30.152394329609407,0.030303030303030276
adult,13,3,covariate_shift,r2_realistic,safe_router,2,0.12121212121212122,0.0,0.2647422330729307,0.0
adult,13,3,covariate_shift,r2_realistic,utility_router,2,0.030303030303030276,0.18181818181818166,30.152394329609407,0.030303030303030276
adult,13,3,covariate_shift,r2_realistic,utility_router_guarded,2,0.030303030303030276,0.18181818181818166,30.152394329609407,0.030303030303030276
adult,13,3,covariate_shift,r2_realistic,utility_router_no_geometry,2,0.030303030303030276,0.18181818181818166,30.152394329609407,0.030303030303030276
adult,13,3,covariate_shift,r2_realistic,utility_router_no_shift,2,0.030303030303030276,0.18181818181818166,30.152394329609407,0.030303030303030276
adult,13,3,exemplar_mismatch,r1_all_mutable,fixed_blend,2,0.0,0.014956780403227121,0.1438123335400121,0.09090909090909091
adult,13,3,exemplar_mismatch,r1_all_mutable,fixed_blend_no_repair,2,0.09090909090909094,0.365166253135464,91.46987390650638,0.09090909090909091
adult,13,3,exemplar_mismatch,r1_all_mutable,knn_mean_k5,2,0.0,0.5882607253114678,0.8496097769663136,
adult,13,3,exemplar_mismatch,r1_all_mutable,learned_alpha,2,0.0,0.0660756127634623,0.1829565753737399,0.18181818181818177
adult,13,3,exemplar_mismatch,r1_all_mutable,learned_router,2,0.0,0.266468682839637,0.13139192056281157,0.06060606060606061
adult,13,3,exemplar_mismatch,r1_all_mutable,learned_router_no_geometry,2,0.0,0.266468682839637,0.13139192056281157,0.06060606060606061
adult,13,3,exemplar_mismatch,r1_all_mutable,learned_router_no_shift,2,0.0,0.16442426682212208,0.017910330462015622,0.030303030303030304
adult,13,3,exemplar_mismatch,r1_all_mutable,nn_positive_train,2,0.0,0.47706892214007546,0.6821884435029846,
adult,13,3,exemplar_mismatch,r1_all_mutable,projection_only,2,0.21212121212121213,0.02945824612162229,211.9772285094947,0.12121212121212122
adult,13,3,exemplar_mismatch,r1_all_mutable,rule_router,2,0.21212121212121213,0.02945824612162229,211.9772285094947,0.12121212121212122
adult,13,3,exemplar_mismatch,r1_all_mutable,safe_router,2,0.15151515151515152,0.0,0.19877823911463655,0.09090909090909091
adult,13,3,exemplar_mismatch,r1_all_mutable,utility_router,2,0.0,0.014956780403227121,0.1438123335400121,0.0
adult,13,3,exemplar_mismatch,r1_all_mutable,utility_router_guarded,2,0.0,0.014956780403227121,0.1438123335400121,0.0
adult,13,3,exemplar_mismatch,r1_all_mutable,utility_router_no_geometry,2,0.0,0.014956780403227121,0.1438123335400121,0.0
adult,13,3,exemplar_mismatch,r1_all_mutable,utility_router_no_shift,2,0.0,0.014956780403227121,0.1438123335400121,0.030303030303030304
adult,13,3,exemplar_mismatch,r2_realistic,fixed_blend,2,0.030303030303030276,0.18181818181818166,0.0,0.09717868338557994
adult,13,3,exemplar_mismatch,r2_realistic,fixed_blend_no_repair,2,0.030303030303030276,0.18181818181818166,0.0,0.09717868338557994
adult,13,3,exemplar_mismatch,r2_realistic,knn_mean_k5,2,0.0,0.4264642274474113,29.999334611710754,
adult,13,3,exemplar_mismatch,r2_realistic,learned_alpha,2,0.030303030303030276,0.19517173530971954,0.006628275830885752,0.19331243469174506
adult,13,3,exemplar_mismatch,r2_realistic,learned_router,2,0.030303030303030276,0.18181818181818166,0.0,0.09717868338557994
adult,13,3,exemplar_mismatch,r2_realistic,learned_router_no_geometry,2,0.030303030303030276,0.18181818181818166,0.0,0.09717868338557994
adult,13,3,exemplar_mismatch,r2_realistic,learned_router_no_shift,2,0.030303030303030276,0.18181818181818166,0.0,0.09717868338557994
adult,13,3,exemplar_mismatch,r2_realistic,nn_positive_train,2,0.18181818181818177,0.09622836811432389,151.23876527701793,
adult,13,3,exemplar_mismatch,r2_realistic,projection_only,2,0.030303030303030276,0.18181818181818166,0.0,0.09717868338557994
adult,13,3,exemplar_mismatch,r2_realistic,rule_router,2,0.030303030303030276,0.18181818181818166,0.0,0.09717868338557994
adult,13,3,exemplar_mismatch,r2_realistic,safe_router,2,0.12121212121212122,0.0,30.414903567151637,0.06687565308254961
adult,13,3,exemplar_mismatch,r2_realistic,utility_router,2,0.030303030303030276,0.18181818181818166,0.0,0.09717868338557994
adult,13,3,exemplar_mismatch,r2_realistic,utility_router_guarded,2,0.030303030303030276,0.18181818181818166,0.0,0.09717868338557994
adult,13,3,exemplar_mismatch,r2_realistic,utility_router_no_geometry,2,0.030303030303030276,0.18181818181818166,0.0,0.09717868338557994
adult,13,3,exemplar_mismatch,r2_realistic,utility_router_no_shift,2,0.030303030303030276,0.18181818181818166,0.0,0.09717868338557994
adult,13,3,in_domain,r1_all_mutable,fixed_blend,2,0.0,0.6843191599790108,0.603773027640051,0.06060606060606061
adult,13,3,in_domain,r1_all_mutable,fixed_blend_no_repair,2,0.06060606060606055,0.6252123400557119,60.064138372575414,0.06060606060606061
adult,13,3,in_domain,r1_all_mutable,knn_mean_k5,2,0.0,1.2053853716867504,1.2852873534028717,
adult,13,3,in_domain,r1_all_mutable,learned_alpha,2,0.0,0.057896514536795785,0.05444511940045173,0.18181818181818177
adult,13,3,in_domain,r1_all_mutable,learned_router,2,0.0,0.763117655810043,0.68911636024324,0.09090909090909091
adult,13,3,in_domain,r1_all_mutable,learned_router_no_geometry,2,0.0,0.8574837319856412,0.787480637538498,0.09090909090909091
adult,13,3,in_domain,r1_all_mutable,learned_router_no_shift,2,0.0,0.8102889728118088,0.7355693459778809,0.06060606060606061
adult,13,3,in_domain,r1_all_mutable,nn_positive_train,2,0.0,0.8434358687814907,0.7778850482013011,
adult,13,3,in_domain,r1_all_mutable,projection_only,2,0.21212121212121213,0.02945824612162229,211.91322886688772,0.12121212121212122
adult,13,3,in_domain,r1_all_mutable,rule_router,2,0.21212121212121213,0.02945824612162229,211.91322886688772,0.12121212121212122
adult,13,3,in_domain,r1_all_mutable,safe_router,2,0.15151515151515152,0.0,0.1347785965076712,0.09090909090909091
adult,13,3,in_domain,r1_all_mutable,utility_router,2,0.0,0.6843191599790108,0.603773027640051,0.0
adult,13,3,in_domain,r1_all_mutable,utility_router_guarded,2,0.0,0.6843191599790108,0.603773027640051,0.0
adult,13,3,in_domain,r1_all_mutable,utility_router_no_geometry,2,0.0,0.7159228966362114,0.6372050686826229,0.06060606060606061
adult,13,3,in_domain,r1_all_mutable,utility_router_no_shift,2,0.0,0.7085583351703582,0.6300441704755411,0.06060606060606061
adult,13,3,in_domain,r2_realistic,fixed_blend,2,0.030303030303030276,0.18181818181818166,0.0,0.09195402298850575
adult,13,3,in_domain,r2_realistic,fixed_blend_no_repair,2,0.030303030303030276,0.18181818181818166,0.0,0.09195402298850575
adult,13,3,in_domain,r2_realistic,knn_mean_k5,2,0.0,0.7563822227013235,31.36153616169424,
adult,13,3,in_domain,r2_realistic,learned_alpha,2,0.030303030303030276,0.1933037022041102,0.013353088620827097,0.07210031347962387
adult,13,3,in_domain,r2_realistic,learned_router,2,0.030303030303030276,0.18181818181818166,0.0,0.09195402298850575
adult,13,3,in_domain,r2_realistic,learned_router_no_geometry,2,0.030303030303030276,0.18181818181818166,0.0,0.09195402298850575
adult,13,3,in_domain,r2_realistic,learned_router_no_shift,2,0.030303030303030276,0.18181818181818166,0.0,0.09195402298850575
adult,13,3,in_domain,r2_realistic,nn_positive_train,2,0.21212121212121215,0.8808827082648891,180.66552997224466,
adult,13,3,in_domain,r2_realistic,projection_only,2,0.030303030303030276,0.18181818181818166,0.0,0.09195402298850575
adult,13,3,in_domain,r2_realistic,rule_router,2,0.030303030303030276,0.18181818181818166,0.0,0.09195402298850575
adult,13,3,in_domain,r2_realistic,safe_router,2,0.12121212121212122,0.0,30.414903567151637,0.06165099268547536
adult,13,3,in_domain,r2_realistic,utility_router,2,0.030303030303030276,0.18181818181818166,0.0,0.09195402298850575
adult,13,3,in_domain,r2_realistic,utility_router_guarded,2,0.030303030303030276,0.18181818181818166,0.0,0.09195402298850575
adult,13,3,in_domain,r2_realistic,utility_router_no_geometry,2,0.030303030303030276,0.18181818181818166,0.0,0.09195402298850575
adult,13,3,in_domain,r2_realistic,utility_router_no_shift,2,0.030303030303030276,0.18181818181818166,0.0,0.09195402298850575
adult,19,3,covariate_shift,r1_all_mutable,fixed_blend,2,0.0,0.96839855738759,0.5074325980201646,0.001949317738791423
adult,19,3,covariate_shift,r1_all_mutable,fixed_blend_no_repair,2,0.0,0.96839855738759,0.5074325980201646,0.001949317738791423
adult,19,3,covariate_shift,r1_all_mutable,knn_mean_k5,2,0.0,1.19653706521213,0.8179526068230372,
adult,19,3,covariate_shift,r1_all_mutable,learned_alpha,2,0.0019493177387913674,0.20965412863080635,2.2021848382432267,0.07602339181286544
adult,19,3,covariate_shift,r1_all_mutable,learned_router,2,0.07407407407407407,1.709322394215163,72.78543604202238,0.07602339181286549
adult,19,3,covariate_shift,r1_all_mutable,learned_router_no_geometry,2,0.3235867446393762,2.1287966429710283,321.8446173620791,0.14619883040935672
adult,19,3,covariate_shift,r1_all_mutable,learned_router_no_shift,2,0.07407407407407407,1.709322394215163,72.78543604202238,0.07602339181286549
adult,19,3,covariate_shift,r1_all_mutable,nn_positive_train,2,0.0,1.3052187098549748,0.8467728472309468,
adult,19,3,covariate_shift,r1_all_mutable,projection_only,2,0.1111111111111111,0.026737091912528266,110.59120864893839,0.07407407407407407
adult,19,3,covariate_shift,r1_all_mutable,rule_router,2,0.1111111111111111,0.026737091912528266,110.59120864893839,0.07407407407407407
adult,19,3,covariate_shift,r1_all_mutable,safe_router,2,0.36062378167641324,0.995628868955126,0.13461995856586428,0.07602339181286549
adult,19,3,covariate_shift,r1_all_mutable,utility_router,2,0.0,0.96839855738759,0.5074325980201646,0.001949317738791423
adult,19,3,covariate_shift,r1_all_mutable,utility_router_guarded,2,0.0,0.96839855738759,0.5074325980201646,0.001949317738791423
adult,19,3,covariate_shift,r1_all_mutable,utility_router_no_geometry,2,0.0,0.96839855738759,0.5074325980201646,0.001949317738791423
adult,19,3,covariate_shift,r1_all_mutable,utility_router_no_shift,2,0.0,0.96839855738759,0.5074325980201646,0.001949317738791423
adult,19,3,covariate_shift,r2_realistic,fixed_blend,2,0.0,1.0787923779788757,0.31143451225967533,0.031189083820662766
adult,19,3,covariate_shift,r2_realistic,fixed_blend_no_repair,2,0.0,1.0787923779788757,0.31143451225967533,0.031189083820662766
adult,19,3,covariate_shift,r2_realistic,knn_mean_k5,2,0.0,0.5534662033748248,0.22255483250638797,
adult,19,3,covariate_shift,r2_realistic,learned_alpha,2,0.2085769980506823,0.24249753520949713,208.00188528233775,0.11306042884990253
adult,19,3,covariate_shift,r2_realistic,learned_router,2,0.09551656920077967,1.154715744930479,95.13238212313917,0.10916179337231968
adult,19,3,covariate_shift,r2_realistic,learned_router_no_geometry,2,0.03313840155945419,0.278126058370628,32.590243519031105,0.003898635477582846
adult,19,3,covariate_shift,r2_realistic,learned_router_no_shift,2,0.031189083820662766,0.5405036951440731,30.93173184731627,0.10916179337231968
adult,19,3,covariate_shift,r2_realistic,nn_positive_train,2,0.0,1.0091965198195165,0.2381847114524165,
adult,19,3,covariate_shift,r2_realistic,projection_only,2,0.03313840155945419,0.278126058370628,32.590243519031105,0.003898635477582846
adult,19,3,covariate_shift,r2_realistic,rule_router,2,0.03313840155945419,0.278126058370628,32.590243519031105,0.003898635477582846
adult,19,3,covariate_shift,r2_realistic,safe_router,2,0.14035087719298245,0.006315229042720638,0.5709885433549653,0.07212475633528265
adult,19,3,covariate_shift,r2_realistic,utility_router,2,0.0,0.683819378639738,0.10442451800284225,0.10916179337231968
adult,19,3,covariate_shift,r2_realistic,utility_router_guarded,2,0.0,0.683819378639738,0.10442451800284225,0.10916179337231968
adult,19,3,covariate_shift,r2_realistic,utility_router_no_geometry,2,0.0,1.1110873408838335,0.3424489874291705,0.009746588693957114
adult,19,3,covariate_shift,r2_realistic,utility_router_no_shift,2,0.0,0.683819378639738,0.10442451800284225,0.10916179337231968
adult,19,3,exemplar_mismatch,r1_all_mutable,fixed_blend,2,0.010582010582010581,0.5987750722221348,0.9016843492495603,0.010582010582010581
adult,19,3,exemplar_mismatch,r1_all_mutable,fixed_blend_no_repair,2,0.010582010582010581,0.5987750722221348,0.9016843492495603,0.010582010582010581
adult,19,3,exemplar_mismatch,r1_all_mutable,knn_mean_k5,2,0.0,0.9908113066580206,11.954250174182093,
adult,19,3,exemplar_mismatch,r1_all_mutable,learned_alpha,2,0.13756613756613756,0.004512147609355921,126.72894686849547,0.13756613756613756
adult,19,3,exemplar_mismatch,r1_all_mutable,learned_router,2,0.005291005291005235,0.5326845230309756,16.696596504976156,0.0
adult,19,3,exemplar_mismatch,r1_all_mutable,learned_router_no_geometry,2,0.19047619047619047,0.37599765206261626,200.91689742267295,0.047619047619047616
adult,19,3,exemplar_mismatch,r1_all_mutable,learned_router_no_shift,2,0.005291005291005235,0.5326845230309756,16.696596504976156,0.0
adult,19,3,exemplar_mismatch,r1_all_mutable,nn_positive_train,2,0.0,0.7967110903506409,11.696820406056656,
adult,19,3,exemplar_mismatch,r1_all_mutable,projection_only,2,0.0,0.014235810644020908,10.809711409914598,0.010582010582010581
adult,19,3,exemplar_mismatch,r1_all_mutable,rule_router,2,0.0,0.014235810644020908,10.809711409914598,0.010582010582010581
adult,19,3,exemplar_mismatch,r1_all_mutable,safe_router,2,0.047619047619047616,0.0,10.839338291973,0.021164021164021163
adult,19,3,exemplar_mismatch,r1_all_mutable,utility_router,2,0.010582010582010581,0.5987750722221348,0.9016843492495603,0.010582010582010581
adult,19,3,exemplar_mismatch,r1_all_mutable,utility_router_guarded,2,0.010582010582010581,0.5987750722221348,0.9016843492495603,0.010582010582010581
adult,19,3,exemplar_mismatch,r1_all_mutable,utility_router_no_geometry,2,0.010582010582010581,0.5987750722221348,0.9016843492495603,0.010582010582010581
adult,19,3,exemplar_mismatch,r1_all_mutable,utility_router_no_shift,2,0.010582010582010581,0.5987750722221348,0.9016843492495603,0.010582010582010581
adult,19,3,exemplar_mismatch,r2_realistic,fixed_blend,2,0.0,0.5819514756970676,0.7219910795791198,0.18518518518518517
adult,19,3,exemplar_mismatch,r2_realistic,fixed_blend_no_repair,2,0.0,0.5819514756970676,0.7219910795791198,0.18518518518518517
adult,19,3,exemplar_mismatch,r2_realistic,knn_mean_k5,2,0.0,0.0984502633405171,0.2453794098455626,
adult,19,3,exemplar_mismatch,r2_realistic,learned_alpha,2,0.07936507936507942,0.07642916003552025,79.40200608799148,0.10052910052910052
adult,19,3,exemplar_mismatch,r2_realistic,learned_router,2,0.010582010582010581,0.8647295136791442,9.564862783539773,0.20105820105820105
adult,19,3,exemplar_mismatch,r2_realistic,learned_router_no_geometry,2,0.10052910052910052,0.47169796418762133,99.91484732935953,0.037037037037037035
adult,19,3,exemplar_mismatch,r2_realistic,learned_router_no_shift,2,0.04761904761904767,0.6079087040886542,46.869789664715256,0.20105820105820105
adult,19,3,exemplar_mismatch,r2_realistic,nn_positive_train,2,0.0,0.5503533920659169,0.677266668954303,
adult,19,3,exemplar_mismatch,r2_realistic,projection_only,2,0.010582010582010581,0.04755029196295224,10.645600963341963,0.037037037037037035
adult,19,3,exemplar_mismatch,r2_realistic,rule_router,2,0.010582010582010581,0.04755029196295224,10.645600963341963,0.037037037037037035
adult,19,3,exemplar_mismatch,r2_realistic,safe_router,2,0.1322751322751322,0.34152669935816116,0.6177309476142859,0.164021164021164
adult,19,3,exemplar_mismatch,r2_realistic,utility_router,2,0.0,0.8658473161602753,1.0157330563054576,0.20105820105820105
adult,19,3,exemplar_mismatch,r2_realistic,utility_router_guarded,2,0.0,0.8658473161602753,1.0157330563054576,0.20105820105820105
adult,19,3,exemplar_mismatch,r2_realistic,utility_router_no_geometry,2,0.0,0.5819514756970676,0.7219910795791198,0.18518518518518517
adult,19,3,exemplar_mismatch,r2_realistic,utility_router_no_shift,2,0.0,0.8658473161602753,1.0157330563054576,0.20105820105820105
adult,19,3,in_domain,r1_all_mutable,fixed_blend,2,0.0,1.0919378134688262,0.980931429192875,0.010582010582010581
adult,19,3,in_domain,r1_all_mutable,fixed_blend_no_repair,2,0.0,1.0919378134688262,0.980931429192875,0.010582010582010581
adult,19,3,in_domain,r1_all_mutable,knn_mean_k5,2,0.0,1.0608646059775184,1.1024480953183247,
adult,19,3,in_domain,r1_all_mutable,learned_alpha,2,0.0793650793650793,0.16338335616862987,79.32619613773679,0.0793650793650793
adult,19,3,in_domain,r1_all_mutable,learned_router,2,0.015873015873015928,1.0184712360115356,14.970320870152094,0.037037037037037035
adult,19,3,in_domain,r1_all_mutable,learned_router_no_geometry,2,0.39682539682539675,2.160366511549374,394.72173129845964,0.047619047619047616
adult,19,3,in_domain,r1_all_mutable,learned_router_no_shift,2,0.015873015873015928,1.0184712360115356,14.970320870152094,0.037037037037037035
adult,19,3,in_domain,r1_all_mutable,nn_positive_train,2,0.0,1.4575727572373056,1.3515961438662814,
adult,19,3,in_domain,r1_all_mutable,projection_only,2,0.0,0.014235810644020908,0.18969310012164442,0.0
adult,19,3,in_domain,r1_all_mutable,rule_router,2,0.0,0.014235810644020908,0.18969310012164442,0.0
adult,19,3,in_domain,r1_all_mutable,safe_router,2,0.2328042328042328,0.5243918082433248,0.18715641818036088,0.037037037037037035
adult,19,3,in_domain,r1_all_mutable,utility_router,2,0.0,1.0919378134688262,0.980931429192875,0.010582010582010581
adult,19,3,in_domain,r1_all_mutable,utility_router_guarded,2,0.0,1.0919378134688262,0.980931429192875,0.010582010582010581
adult,19,3,in_domain,r1_all_mutable,utility_router_no_geometry,2,0.0,1.0919378134688262,0.980931429192875,0.010582010582010581
adult,19,3,in_domain,r1_all_mutable,utility_router_no_shift,2,0.0,1.0919378134688262,0.980931429192875,0.010582010582010581
adult,19,3,in_domain,r2_realistic,fixed_blend,2,0.0,0.6773564003466008,0.15812324931842392,0.10582010582010581
adult,19,3,in_domain,r2_realistic,fixed_blend_no_repair,2,0.0,0.6773564003466008,0.15812324931842392,0.10582010582010581
adult,19,3,in_domain,r2_realistic,knn_mean_k5,2,0.0,0.005245503022063502,0.48998373522323346,
adult,19,3,in_domain,r2_realistic,learned_alpha,2,0.164021164021164,0.03943325248482532,163.49680158019265,0.06878306878306878
adult,19,3,in_domain,r2_realistic,learned_router,2,0.17460317460317454,0.9583947261059285,174.16645994349503,0.0582010582010582
adult,19,3,in_domain,r2_realistic,learned_router_no_geometry,2,0.010582010582010581,0.04755029196295224,11.120236776772686,0.10052910052910052
adult,19,3,in_domain,r2_realistic,learned_router_no_shift,2,0.026455026455026398,1.0384228758589855,25.926628436826057,0.015873015873015872
adult,19,3,in_domain,r2_realistic,nn_positive_train,2,0.0,0.7143621361236754,0.20339059894587086,
adult,19,3,in_domain,r2_realistic,projection_only,2,0.010582010582010581,0.04755029196295224,11.120236776772686,0.10052910052910052
adult,19,3,in_domain,r2_realistic,rule_router,2,0.010582010582010581,0.04755029196295224,11.120236776772686,0.10052910052910052
adult,19,3,in_domain,r2_realistic,safe_router,2,0.03703703703703698,0.2595216899629911,0.48363941460124826,0.021164021164021163
adult,19,3,in_domain,r2_realistic,utility_router,2,0.0,0.2132117470973629,0.32710954381662893,0.05291005291005291
adult,19,3,in_domain,r2_realistic,utility_router_guarded,2,0.0,0.2132117470973629,0.32710954381662893,0.05291005291005291
adult,19,3,in_domain,r2_realistic,utility_router_no_geometry,2,0.0,0.9832441547017652,0.472638029663182,0.1693121693121693
adult,19,3,in_domain,r2_realistic,utility_router_no_shift,2,0.0,0.2132117470973629,0.32710954381662893,0.05291005291005291
bank,7,3,covariate_shift,r1_all_mutable,fixed_blend,3,0.0,0.5143832939662092,0.9240909635291773,0.1515151515151515
bank,7,3,covariate_shift,r1_all_mutable,fixed_blend_no_repair,3,0.0,0.5143832939662092,0.9240909635291773,0.1515151515151515
bank,7,3,covariate_shift,r1_all_mutable,knn_mean_k5,3,0.0,0.6710151781238256,1.7001293433863642,
bank,7,3,covariate_shift,r1_all_mutable,learned_alpha,3,0.15151515151515152,0.06858443919549462,150.2863535818376,0.15151515151515152
bank,7,3,covariate_shift,r1_all_mutable,learned_router,3,0.0,0.5143832939662092,0.9240909635291773,0.1515151515151515
bank,7,3,covariate_shift,r1_all_mutable,learned_router_no_geometry,3,0.5,2.9750131860801496,495.7276348520781,0.42857142857142855
bank,7,3,covariate_shift,r1_all_mutable,learned_router_no_shift,3,0.0,0.5143832939662092,0.9240909635291773,0.1515151515151515
bank,7,3,covariate_shift,r1_all_mutable,nn_positive_train,3,0.0,0.6858443919549444,0.8831361706778691,
bank,7,3,covariate_shift,r1_all_mutable,projection_only,3,0.0,0.0,1.3261039757035178,0.0
bank,7,3,covariate_shift,r1_all_mutable,rule_router,3,0.0,0.0,1.3261039757035178,0.0
bank,7,3,covariate_shift,r1_all_mutable,safe_router,3,0.08225108225108235,0.46076555630643234,0.8044985851131193,0.1515151515151515
bank,7,3,covariate_shift,r1_all_mutable,utility_router,3,0.0,0.5143832939662092,0.9240909635291773,0.1515151515151515
bank,7,3,covariate_shift,r1_all_mutable,utility_router_guarded,3,0.0,0.5143832939662092,0.9240909635291773,0.1515151515151515
bank,7,3,covariate_shift,r1_all_mutable,utility_router_no_geometry,3,0.02164502164502169,0.46742782303082286,21.599280282901546,0.1607142857142857
bank,7,3,covariate_shift,r1_all_mutable,utility_router_no_shift,3,0.0,0.5143832939662092,0.9240909635291773,0.1515151515151515
bank,7,3,covariate_shift,r2_realistic,fixed_blend,3,0.0,0.0,0.0,0.0
bank,7,3,covariate_shift,r2_realistic,fixed_blend_no_repair,3,0.0,0.0,0.0,0.0
bank,7,3,covariate_shift,r2_realistic,knn_mean_k5,3,0.0,2.006409519879093,2.063522241151691,
bank,7,3,covariate_shift,r2_realistic,learned_alpha,3,0.0,0.0,0.0,0.0
bank,7,3,covariate_shift,r2_realistic,learned_router,3,0.0,0.0,0.0,0.0
bank,7,3,covariate_shift,r2_realistic,learned_router_no_geometry,3,0.0,0.0,0.0,0.0
bank,7,3,covariate_shift,r2_realistic,learned_router_no_shift,3,0.0,0.0,0.0,0.0
bank,7,3,covariate_shift,r2_realistic,nn_positive_train,3,0.0,0.7758866062633807,0.7943147185603081,
bank,7,3,covariate_shift,r2_realistic,projection_only,3,0.0,0.0,0.0,0.0
bank,7,3,covariate_shift,r2_realistic,rule_router,3,0.0,0.0,0.0,0.0
bank,7,3,covariate_shift,r2_realistic,safe_router,3,0.0,0.0,0.0,0.0
bank,7,3,covariate_shift,r2_realistic,utility_router,3,0.0,0.0,0.0,0.0
bank,7,3,covariate_shift,r2_realistic,utility_router_guarded,3,0.0,0.0,0.0,0.0
bank,7,3,covariate_shift,r2_realistic,utility_router_no_geometry,3,0.0,0.0,0.0,0.0
bank,7,3,covariate_shift,r2_realistic,utility_router_no_shift,3,0.0,0.0,0.0,0.0
bank,7,3,exemplar_mismatch,r1_all_mutable,fixed_blend,3,0.038461538461538436,0.9560472351464977,1.2950501986547769,0.2384615384615384
bank,7,3,exemplar_mismatch,r1_all_mutable,fixed_blend_no_repair,3,0.038461538461538436,0.9560472351464977,1.2950501986547769,0.2384615384615384
bank,7,3,exemplar_mismatch,r1_all_mutable,knn_mean_k5,3,0.0,1.5824741355131025,37.48517606226218,
bank,7,3,exemplar_mismatch,r1_all_mutable,learned_alpha,3,0.2,0.26362648439372793,236.56638300893894,0.2
bank,7,3,exemplar_mismatch,r1_all_mutable,learned_router,3,0.038461538461538436,2.531909965487163,0.9517315649630005,0.12307692307692308
bank,7,3,exemplar_mismatch,r1_all_mutable,learned_router_no_geometry,3,0.3307692307692307,0.9791512587449542,367.8931951347,0.3307692307692307
bank,7,3,exemplar_mismatch,r1_all_mutable,learned_router_no_shift,3,0.038461538461538436,2.531909965487163,0.9517315649630005,0.12307692307692308
bank,7,3,exemplar_mismatch,r1_all_mutable,nn_positive_train,3,0.0,1.2336966997003866,37.80181781871204,
bank,7,3,exemplar_mismatch,r1_all_mutable,projection_only,3,0.2865384615384616,0.1230988414848333,322.76869844285335,0.325
bank,7,3,exemplar_mismatch,r1_all_mutable,rule_router,3,0.2865384615384616,0.1230988414848333,322.76869844285335,0.325
bank,7,3,exemplar_mismatch,r1_all_mutable,safe_router,3,0.03269230769230769,2.8123163800482147,39.32396861696663,0.16153846153846152
bank,7,3,exemplar_mismatch,r1_all_mutable,utility_router,3,0.038461538461538436,2.531909965487163,0.9517315649630005,0.12307692307692308
bank,7,3,exemplar_mismatch,r1_all_mutable,utility_router_guarded,3,0.038461538461538436,2.531909965487163,0.9517315649630005,0.12307692307692308
bank,7,3,exemplar_mismatch,r1_all_mutable,utility_router_no_geometry,3,0.12884615384615383,2.2988949595799566,90.24743949968017,0.1711538461538461
bank,7,3,exemplar_mismatch,r1_all_mutable,utility_router_no_shift,3,0.038461538461538436,2.531909965487163,0.9517315649630005,0.12307692307692308
bank,7,3,exemplar_mismatch,r2_realistic,fixed_blend,3,0.0,0.5529065337925254,0.0,0.0
bank,7,3,exemplar_mismatch,r2_realistic,fixed_blend_no_repair,3,0.0,0.5529065337925254,0.0,0.0
bank,7,3,exemplar_mismatch,r2_realistic,knn_mean_k5,3,0.0,1.7028521976479416,1.6769616109254821,
bank,7,3,exemplar_mismatch,r2_realistic,learned_alpha,3,0.0,0.5528099613269015,0.004054709270560054,0.0
bank,7,3,exemplar_mismatch,r2_realistic,learned_router,3,0.0,0.5529065337925254,0.0,0.0
bank,7,3,exemplar_mismatch,r2_realistic,learned_router_no_geometry,3,0.0,0.5529065337925254,0.0,0.0
bank,7,3,exemplar_mismatch,r2_realistic,learned_router_no_shift,3,0.0,0.5529065337925254,0.0,0.0
bank,7,3,exemplar_mismatch,r2_realistic,nn_positive_train,3,0.0,1.2444754496780046,0.9602756728918713,
bank,7,3,exemplar_mismatch,r2_realistic,projection_only,3,0.0,0.5529065337925254,0.0,0.0
bank,7,3,exemplar_mismatch,r2_realistic,rule_router,3,0.0,0.5529065337925254,0.0,0.0
bank,7,3,exemplar_mismatch,r2_realistic,safe_router,3,0.0,0.5529065337925254,0.0,0.0
bank,7,3,exemplar_mismatch,r2_realistic,utility_router,3,0.0,0.5529065337925254,0.0,0.0
bank,7,3,exemplar_mismatch,r2_realistic,utility_router_guarded,3,0.0,0.5529065337925254,0.0,0.0
bank,7,3,exemplar_mismatch,r2_realistic,utility_router_no_geometry,3,0.0,0.5529065337925254,0.0,0.0
bank,7,3,exemplar_mismatch,r2_realistic,utility_router_no_shift,3,0.0,0.5529065337925254,0.0,0.0
bank,7,3,in_domain,r1_all_mutable,fixed_blend,3,0.17499999999999993,0.6077126655280347,1.2286140471575795,0.2653846153846154
bank,7,3,in_domain,r1_all_mutable,fixed_blend_no_repair,3,0.17499999999999993,0.6077126655280347,1.2286140471575795,0.2653846153846154
bank,7,3,in_domain,r1_all_mutable,knn_mean_k5,3,0.0,0.44331371267422526,174.27928007333966,
bank,7,3,in_domain,r1_all_mutable,learned_alpha,3,0.2769230769230769,1.0536188637234087,264.2912757481868,0.2769230769230769
bank,7,3,in_domain,r1_all_mutable,learned_router,3,0.17499999999999993,1.6886467514677874,0.8563081913105528,0.1461538461538462
bank,7,3,in_domain,r1_all_mutable,learned_router_no_geometry,3,0.36923076923076925,0.6690999651134013,207.44329217121887,0.3307692307692307
bank,7,3,in_domain,r1_all_mutable,learned_router_no_shift,3,0.17499999999999993,1.6886467514677874,0.8563081913105528,0.1461538461538462
bank,7,3,in_domain,r1_all_mutable,nn_positive_train,3,0.0,0.7754712968650157,173.91269585412599,
bank,7,3,in_domain,r1_all_mutable,projection_only,3,0.2865384615384616,0.1230988414848333,298.69363464522024,0.3
bank,7,3,in_domain,r1_all_mutable,rule_router,3,0.2865384615384616,0.1230988414848333,298.69363464522024,0.3
bank,7,3,in_domain,r1_all_mutable,safe_router,3,0.25,1.8074751012042833,173.77918731541402,0.050000000000000044
bank,7,3,in_domain,r1_all_mutable,utility_router,3,0.17499999999999993,1.6886467514677874,0.8563081913105528,0.1461538461538462
bank,7,3,in_domain,r1_all_mutable,utility_router_guarded,3,0.17499999999999993,1.6886467514677874,0.8563081913105528,0.1461538461538462
bank,7,3,in_domain,r1_all_mutable,utility_router_no_geometry,3,0.20000000000000007,1.0492499497565615,25.903701731826445,0.25
bank,7,3,in_domain,r1_all_mutable,utility_router_no_shift,3,0.17499999999999993,1.6886467514677874,0.8563081913105528,0.1461538461538462
bank,7,3,in_domain,r2_realistic,fixed_blend,3,0.0,0.5529065337925254,0.0,0.0
bank,7,3,in_domain,r2_realistic,fixed_blend_no_repair,3,0.0,0.5529065337925254,0.0,0.0
bank,7,3,in_domain,r2_realistic,knn_mean_k5,3,0.0,0.8824991481448894,0.8506189583907631,
bank,7,3,in_domain,r2_realistic,learned_alpha,3,0.0,0.5527779166608766,0.003975709873725735,0.0
bank,7,3,in_domain,r2_realistic,learned_router,3,0.0,0.5529065337925254,0.0,0.0
bank,7,3,in_domain,r2_realistic,learned_router_no_geometry,3,0.0,0.5529065337925254,0.0,0.0
bank,7,3,in_domain,r2_realistic,learned_router_no_shift,3,0.0,0.5529065337925254,0.0,0.0
bank,7,3,in_domain,r2_realistic,nn_positive_train,3,0.0,0.4886617603979557,0.6551285037252423,
bank,7,3,in_domain,r2_realistic,projection_only,3,0.0,0.5529065337925254,0.0,0.0
bank,7,3,in_domain,r2_realistic,rule_router,3,0.0,0.5529065337925254,0.0,0.0
bank,7,3,in_domain,r2_realistic,safe_router,3,0.0,0.5529065337925254,0.0,0.0
bank,7,3,in_domain,r2_realistic,utility_router,3,0.0,0.5529065337925254,0.0,0.0
bank,7,3,in_domain,r2_realistic,utility_router_guarded,3,0.0,0.5529065337925254,0.0,0.0
bank,7,3,in_domain,r2_realistic,utility_router_no_geometry,3,0.0,0.5529065337925254,0.0,0.0
bank,7,3,in_domain,r2_realistic,utility_router_no_shift,3,0.0,0.5529065337925254,0.0,0.0
bank,13,3,covariate_shift,r1_all_mutable,fixed_blend,3,0.0,0.41841665566817454,0.4313931104654314,0.0
bank,13,3,covariate_shift,r1_all_mutable,fixed_blend_no_repair,3,0.0,0.41841665566817454,0.4313931104654314,0.0
bank,13,3,covariate_shift,r1_all_mutable,knn_mean_k5,3,0.0,0.7179757955379014,0.8169091371326598,
bank,13,3,covariate_shift,r1_all_mutable,learned_alpha,3,0.0,0.0,0.0,0.16666666666666663
bank,13,3,covariate_shift,r1_all_mutable,learned_router,3,0.0,0.0,0.0,0.16666666666666663
bank,13,3,covariate_shift,r1_all_mutable,learned_router_no_geometry,3,0.0,0.5191510140108593,0.5601587453342559,0.2777777777777778
bank,13,3,covariate_shift,r1_all_mutable,learned_router_no_shift,3,0.0,0.0,0.0,0.16666666666666663
bank,13,3,covariate_shift,r1_all_mutable,nn_positive_train,3,0.0,0.5578888742242327,0.5689538061541555,
bank,13,3,covariate_shift,r1_all_mutable,projection_only,3,0.0,0.0,0.0,0.16666666666666663
bank,13,3,covariate_shift,r1_all_mutable,rule_router,3,0.0,0.0,0.0,0.16666666666666663
bank,13,3,covariate_shift,r1_all_mutable,safe_router,3,0.0,0.0,0.0,0.16666666666666663
bank,13,3,covariate_shift,r1_all_mutable,utility_router,3,0.0,0.0,0.0,0.16666666666666663
bank,13,3,covariate_shift,r1_all_mutable,utility_router_guarded,3,0.0,0.0,0.0,0.16666666666666663
bank,13,3,covariate_shift,r1_all_mutable,utility_router_no_geometry,3,0.0,2.377550680784574,2.5213978130492847,0.41666666666666663
bank,13,3,covariate_shift,r1_all_mutable,utility_router_no_shift,3,0.0,0.0,0.0,0.16666666666666663
bank,13,3,covariate_shift,r2_realistic,fixed_blend,3,0.0,0.04017605870059393,0.045839298563799535,0.0
bank,13,3,covariate_shift,r2_realistic,fixed_blend_no_repair,3,0.0,0.04017605870059393,0.045839298563799535,0.0
bank,13,3,covariate_shift,r2_realistic,knn_mean_k5,3,0.0,1.4766032187074671,1.5237924954907789,
bank,13,3,covariate_shift,r2_realistic,learned_alpha,3,0.0,0.0,0.0,0.0
bank,13,3,covariate_shift,r2_realistic,learned_router,3,0.0,0.0,0.0,0.0
bank,13,3,covariate_shift,r2_realistic,learned_router_no_geometry,3,0.0,0.03646375708138727,0.06524902915282199,0.16666666666666663
bank,13,3,covariate_shift,r2_realistic,learned_router_no_shift,3,0.0,0.0,0.0,0.0
bank,13,3,covariate_shift,r2_realistic,nn_positive_train,3,0.0,0.7289125892239792,0.7483473026726708,
bank,13,3,covariate_shift,r2_realistic,projection_only,3,0.0,0.0,0.0,0.0
bank,13,3,covariate_shift,r2_realistic,rule_router,3,0.0,0.0,0.0,0.0
bank,13,3,covariate_shift,r2_realistic,safe_router,3,0.0,0.0,0.0,0.0
bank,13,3,covariate_shift,r2_realistic,utility_router,3,0.0,0.0,0.0,0.0
bank,13,3,covariate_shift,r2_realistic,utility_router_guarded,3,0.0,0.0,0.0,0.0
bank,13,3,covariate_shift,r2_realistic,utility_router_no_geometry,3,0.0,0.09411851677721783,0.16658146870018753,0.41666666666666663
bank,13,3,covariate_shift,r2_realistic,utility_router_no_shift,3,0.0,0.0,0.0,0.0
bank,13,3,exemplar_mismatch,r1_all_mutable,fixed_blend,3,0.125,1.1911313197726656,0.7162932021818991,0.05
bank,13,3,exemplar_mismatch,r1_all_mutable,fixed_blend_no_repair,3,0.125,1.1911313197726656,0.7162932021818991,0.05
bank,13,3,exemplar_mismatch,r1_all_mutable,knn_mean_k5,3,0.0,2.577809245391009,124.04741500850695,
bank,13,3,exemplar_mismatch,r1_all_mutable,learned_alpha,3,0.35,0.2519097458170626,308.9894464136706,0.4
bank,13,3,exemplar_mismatch,r1_all_mutable,learned_router,3,0.35,1.0810050824020356,308.21170530975803,0.18620689655172412
bank,13,3,exemplar_mismatch,r1_all_mutable,learned_router_no_geometry,3,0.24827586206896557,0.6461356017910823,246.6073370816021,0.18620689655172412
bank,13,3,exemplar_mismatch,r1_all_mutable,learned_router_no_shift,3,0.35,0.8834369291020996,308.21170530975803,0.18620689655172412
bank,13,3,exemplar_mismatch,r1_all_mutable,nn_positive_train,3,0.0,1.5407894912860503,124.22511870334368,
bank,13,3,exemplar_mismatch,r1_all_mutable,projection_only,3,0.15172413793103445,0.14215680523250823,226.21036358167447,0.21120689655172414
bank,13,3,exemplar_mismatch,r1_all_mutable,rule_router,3,0.15172413793103445,0.14215680523250823,226.21036358167447,0.21120689655172414
bank,13,3,exemplar_mismatch,r1_all_mutable,safe_router,3,0.08275862068965512,0.6150444632943386,125.58308042597572,0.20775862068965512
bank,13,3,exemplar_mismatch,r1_all_mutable,utility_router,3,0.35,0.8834369291020996,308.21170530975803,0.18620689655172412
bank,13,3,exemplar_mismatch,r1_all_mutable,utility_router_guarded,3,0.125,1.3026458401871182,0.1691421670508073,0.18620689655172412
bank,13,3,exemplar_mismatch,r1_all_mutable,utility_router_no_geometry,3,0.125,2.4058889642574925,76.62477666401247,0.32499999999999996
bank,13,3,exemplar_mismatch,r1_all_mutable,utility_router_no_shift,3,0.35,0.8834369291020996,308.21170530975803,0.18620689655172412
bank,13,3,exemplar_mismatch,r2_realistic,fixed_blend,3,0.0,0.6470685009823505,0.12729713155740902,0.30000000000000004
bank,13,3,exemplar_mismatch,r2_realistic,fixed_blend_no_repair,3,0.0,0.6470685009823505,0.12729713155740902,0.30000000000000004
bank,13,3,exemplar_mismatch,r2_realistic,knn_mean_k5,3,0.0,1.9755721278019323,1.4772123107967063,
bank,13,3,exemplar_mismatch,r2_realistic,learned_alpha,3,0.0,0.5822366983199614,0.024122431281916688,0.09999999999999998
bank,13,3,exemplar_mismatch,r2_realistic,learned_router,3,0.0,0.5694117346030683,0.0,0.025000000000000022
bank,13,3,exemplar_mismatch,r2_realistic,learned_router_no_geometry,3,0.17499999999999993,0.6072708885093379,174.93270323108652,0.06206896551724128
bank,13,3,exemplar_mismatch,r2_realistic,learned_router_no_shift,3,0.0,0.5694117346030683,0.0,0.025000000000000022
bank,13,3,exemplar_mismatch,r2_realistic,nn_positive_train,3,0.0,1.3912737627309326,0.9271699133040192,
bank,13,3,exemplar_mismatch,r2_realistic,projection_only,3,0.30000000000000004,0.5921568052325084,299.95651145000306,0.275
bank,13,3,exemplar_mismatch,r2_realistic,rule_router,3,0.30000000000000004,0.5921568052325084,299.95651145000306,0.275
bank,13,3,exemplar_mismatch,r2_realistic,safe_router,3,0.0,0.5694117346030683,0.0,0.025000000000000022
bank,13,3,exemplar_mismatch,r2_realistic,utility_router,3,0.0,0.5694117346030683,0.0,0.025000000000000022
bank,13,3,exemplar_mismatch,r2_realistic,utility_router_guarded,3,0.0,0.5694117346030683,0.0,0.025000000000000022
bank,13,3,exemplar_mismatch,r2_realistic,utility_router_no_geometry,3,0.17499999999999993,0.6579083682829301,174.85554795189972,0.17500000000000004
bank,13,3,exemplar_mismatch,r2_realistic,utility_router_no_shift,3,0.0,0.5694117346030683,0.0,0.025000000000000022
bank,13,3,in_domain,r1_all_mutable,fixed_blend,3,0.10344827586206895,0.27865924504464434,0.8608779489965537,0.034482758620689655
bank,13,3,in_domain,r1_all_mutable,fixed_blend_no_repair,3,0.10344827586206895,0.27865924504464434,0.8608779489965537,0.034482758620689655
bank,13,3,in_domain,r1_all_mutable,knn_mean_k5,3,0.0,0.6168822874718511,103.26063997573915,
bank,13,3,in_domain,r1_all_mutable,learned_alpha,3,0.35,0.299823936849557,298.92617945919716,0.475
bank,13,3,in_domain,r1_all_mutable,learned_router,3,0.35,1.0965035327969543,297.7380397318787,0.175
bank,13,3,in_domain,r1_all_mutable,learned_router_no_geometry,3,0.21379310344827596,0.31831204506488675,124.23636628496479,0.25
bank,13,3,in_domain,r1_all_mutable,learned_router_no_shift,3,0.35,1.0965035327969543,297.7380397318787,0.175
bank,13,3,in_domain,r1_all_mutable,nn_positive_train,3,0.0,0.3528124459677686,104.06384475731363,
bank,13,3,in_domain,r1_all_mutable,projection_only,3,0.15172413793103445,0.14215680523250823,48.809370450985,0.125
bank,13,3,in_domain,r1_all_mutable,rule_router,3,0.15172413793103445,0.14215680523250823,48.809370450985,0.125
bank,13,3,in_domain,r1_all_mutable,safe_router,3,0.17931034482758623,0.5151009433321231,103.04287074420783,0.07499999999999996
bank,13,3,in_domain,r1_all_mutable,utility_router,3,0.35,1.0965035327969543,297.7380397318787,0.175
bank,13,3,in_domain,r1_all_mutable,utility_router_guarded,3,0.10344827586206895,0.9221985746397667,0.787735519734786,0.175
bank,13,3,in_domain,r1_all_mutable,utility_router_no_geometry,3,0.125,2.333323523571567,101.13002337679288,0.375
bank,13,3,in_domain,r1_all_mutable,utility_router_no_shift,3,0.35,1.0965035327969543,297.7380397318787,0.175
bank,13,3,in_domain,r2_realistic,fixed_blend,3,0.0,0.60749773724904,0.14186483788566556,0.30000000000000004
bank,13,3,in_domain,r2_realistic,fixed_blend_no_repair,3,0.0,0.60749773724904,0.14186483788566556,0.30000000000000004
bank,13,3,in_domain,r2_realistic,knn_mean_k5,3,0.0,2.001601721832217,1.7028333914876503,
bank,13,3,in_domain,r2_realistic,learned_alpha,3,0.0,0.5271588499068967,0.0,0.0
bank,13,3,in_domain,r2_realistic,learned_router,3,0.0,0.5271588499068967,0.0,0.0
bank,13,3,in_domain,r2_realistic,learned_router_no_geometry,3,0.17499999999999993,0.5650838502256712,174.93263822225757,0.13103448275862062
bank,13,3,in_domain,r2_realistic,learned_router_no_shift,3,0.0,0.5271588499068967,0.0,0.0
bank,13,3,in_domain,r2_realistic,nn_positive_train,3,0.0,1.345566125397827,0.8761828694325224,
bank,13,3,in_domain,r2_realistic,projection_only,3,0.30000000000000004,0.5921568052325084,299.91173096764544,0.30000000000000004
bank,13,3,in_domain,r2_realistic,rule_router,3,0.30000000000000004,0.5921568052325084,299.91173096764544,0.30000000000000004
bank,13,3,in_domain,r2_realistic,safe_router,3,0.0,0.5271588499068967,0.0,0.0
bank,13,3,in_domain,r2_realistic,utility_router,3,0.0,0.5271588499068967,0.0,0.0
bank,13,3,in_domain,r2_realistic,utility_router_guarded,3,0.0,0.5271588499068967,0.0,0.0
bank,13,3,in_domain,r2_realistic,utility_router_no_geometry,3,0.19999999999999996,0.6076655072174444,199.85957577057172,0.125
bank,13,3,in_domain,r2_realistic,utility_router_no_shift,3,0.0,0.5271588499068967,0.0,0.0
bank,19,3,covariate_shift,r1_all_mutable,fixed_blend,3,0.0,0.7930682151094999,2.489288719795285,0.2941176470588235
bank,19,3,covariate_shift,r1_all_mutable,fixed_blend_no_repair,3,0.0,0.7930682151094999,2.489288719795285,0.2941176470588235
bank,19,3,covariate_shift,r1_all_mutable,knn_mean_k5,3,0.0,1.5548111485867349,3.1185309448135694,
bank,19,3,covariate_shift,r1_all_mutable,learned_alpha,3,0.29411764705882354,0.10574242868126671,292.03734764454293,0.29411764705882354
bank,19,3,covariate_shift,r1_all_mutable,learned_router,3,0.0,0.7930682151094999,2.489288719795285,0.2941176470588235
bank,19,3,covariate_shift,r1_all_mutable,learned_router_no_geometry,3,0.23529411764705882,2.7179075966742374,230.40774093160803,0.11764705882352941
bank,19,3,covariate_shift,r1_all_mutable,learned_router_no_shift,3,0.0,0.7930682151094999,2.489288719795285,0.2941176470588235
bank,19,3,covariate_shift,r1_all_mutable,nn_positive_train,3,0.0,1.057424286812667,2.6654116718125254,
bank,19,3,covariate_shift,r1_all_mutable,projection_only,3,0.0,0.0,2.0222484654026402,0.0
bank,19,3,covariate_shift,r1_all_mutable,rule_router,3,0.0,0.0,2.0222484654026402,0.0
bank,19,3,covariate_shift,r1_all_mutable,safe_router,3,0.17647058823529416,0.7628985828166774,1.8446073160985934,0.2941176470588235
bank,19,3,covariate_shift,r1_all_mutable,utility_router,3,0.0,0.7930682151094999,2.489288719795285,0.2941176470588235
bank,19,3,covariate_shift,r1_all_mutable,utility_router_guarded,3,0.0,0.7930682151094999,2.489288719795285,0.2941176470588235
bank,19,3,covariate_shift,r1_all_mutable,utility_router_no_geometry,3,0.05882352941176472,0.6109734104259239,61.114681656279984,0.3529411764705882
bank,19,3,covariate_shift,r1_all_mutable,utility_router_no_shift,3,0.0,0.7930682151094999,2.489288719795285,0.2941176470588235
bank,19,3,covariate_shift,r2_realistic,fixed_blend,3,0.0,0.0,0.0,0.0
bank,19,3,covariate_shift,r2_realistic,fixed_blend_no_repair,3,0.0,0.0,0.0,0.0
bank,19,3,covariate_shift,r2_realistic,knn_mean_k5,3,0.0,0.8002764155389084,0.7670055555385389,
bank,19,3,covariate_shift,r2_realistic,learned_alpha,3,0.0,0.0,0.0,0.0
bank,19,3,covariate_shift,r2_realistic,learned_router,3,0.0,0.0,0.0,0.0
bank,19,3,covariate_shift,r2_realistic,learned_router_no_geometry,3,0.0,0.0,0.0,0.0
bank,19,3,covariate_shift,r2_realistic,learned_router_no_shift,3,0.0,0.0,0.0,0.0
bank,19,3,covariate_shift,r2_realistic,nn_positive_train,3,0.0,1.8205053857526412,1.8733037325011503,
bank,19,3,covariate_shift,r2_realistic,projection_only,3,0.0,0.0,0.0,0.0
bank,19,3,covariate_shift,r2_realistic,rule_router,3,0.0,0.0,0.0,0.0
bank,19,3,covariate_shift,r2_realistic,safe_router,3,0.0,0.0,0.0,0.0
bank,19,3,covariate_shift,r2_realistic,utility_router,3,0.0,0.0,0.0,0.0
bank,19,3,covariate_shift,r2_realistic,utility_router_guarded,3,0.0,0.0,0.0,0.0
bank,19,3,covariate_shift,r2_realistic,utility_router_no_geometry,3,0.0,0.0,0.0,0.0
bank,19,3,covariate_shift,r2_realistic,utility_router_no_shift,3,0.0,0.0,0.0,0.0
bank,19,3,exemplar_mismatch,r1_all_mutable,fixed_blend,3,0.09999999999999998,1.559017354668442,1.426729370139745,0.18095238095238098
bank,19,3,exemplar_mismatch,r1_all_mutable,fixed_blend_no_repair,3,0.09999999999999998,1.559017354668442,1.426729370139745,0.18095238095238098
bank,19,3,exemplar_mismatch,r1_all_mutable,knn_mean_k5,3,0.0,1.9940721331509863,101.9984432505197,
bank,19,3,exemplar_mismatch,r1_all_mutable,learned_alpha,3,0.28095238095238095,0.6709683358979972,181.77516269507453,0.28095238095238095
bank,19,3,exemplar_mismatch,r1_all_mutable,learned_router,3,0.09999999999999998,1.0096583446712213,0.8126468530545988,0.09047619047619049
bank,19,3,exemplar_mismatch,r1_all_mutable,learned_router_no_geometry,3,0.2333333333333333,1.046924814750352,132.46547920868068,0.1857142857142857
bank,19,3,exemplar_mismatch,r1_all_mutable,learned_router_no_shift,3,0.09999999999999998,1.0096583446712213,0.8126468530545988,0.09047619047619049
bank,19,3,exemplar_mismatch,r1_all_mutable,nn_positive_train,3,0.0,2.088560572657178,101.97090225707183,
bank,19,3,exemplar_mismatch,r1_all_mutable,projection_only,3,0.09047619047619046,0.03942483596789925,25.553046314200515,0.025740025740025763
bank,19,3,exemplar_mismatch,r1_all_mutable,rule_router,3,0.09047619047619046,0.03942483596789925,25.553046314200515,0.025740025740025763
bank,19,3,exemplar_mismatch,r1_all_mutable,safe_router,3,0.18571428571428572,0.8964060208628686,99.7738192973704,0.19047619047619047
bank,19,3,exemplar_mismatch,r1_all_mutable,utility_router,3,0.09999999999999998,1.0096583446712213,0.8126468530545988,0.09047619047619049
bank,19,3,exemplar_mismatch,r1_all_mutable,utility_router_guarded,3,0.09999999999999998,1.0096583446712213,0.8126468530545988,0.09047619047619049
bank,19,3,exemplar_mismatch,r1_all_mutable,utility_router_no_geometry,3,0.072972972972973,1.2181265500477707,96.25721725891029,0.287001287001287
bank,19,3,exemplar_mismatch,r1_all_mutable,utility_router_no_shift,3,0.09999999999999998,1.0096583446712213,0.8126468530545988,0.09047619047619049
bank,19,3,exemplar_mismatch,r2_realistic,fixed_blend,3,0.0,0.17320861975168333,0.0,0.0
bank,19,3,exemplar_mismatch,r2_realistic,fixed_blend_no_repair,3,0.0,0.17320861975168333,0.0,0.0
bank,19,3,exemplar_mismatch,r2_realistic,knn_mean_k5,3,0.0,1.14054757798014,1.3741771607343347,
bank,19,3,exemplar_mismatch,r2_realistic,learned_alpha,3,0.0,0.17320861975168333,0.0,0.0
bank,19,3,exemplar_mismatch,r2_realistic,learned_router,3,0.0,0.17320861975168333,0.0,0.0
bank,19,3,exemplar_mismatch,r2_realistic,learned_router_no_geometry,3,0.0,0.17320861975168333,0.0,0.0
bank,19,3,exemplar_mismatch,r2_realistic,learned_router_no_shift,3,0.0,0.17320861975168333,0.0,0.0
bank,19,3,exemplar_mismatch,r2_realistic,nn_positive_train,3,0.0,1.9248325078129014,2.1840182600539126,
bank,19,3,exemplar_mismatch,r2_realistic,projection_only,3,0.0,0.17320861975168333,0.0,0.0
bank,19,3,exemplar_mismatch,r2_realistic,rule_router,3,0.0,0.17320861975168333,0.0,0.0
bank,19,3,exemplar_mismatch,r2_realistic,safe_router,3,0.0,0.17320861975168333,0.0,0.0
bank,19,3,exemplar_mismatch,r2_realistic,utility_router,3,0.0,0.17320861975168333,0.0,0.0
bank,19,3,exemplar_mismatch,r2_realistic,utility_router_guarded,3,0.0,0.17320861975168333,0.0,0.0
bank,19,3,exemplar_mismatch,r2_realistic,utility_router_no_geometry,3,0.0,0.17320861975168333,0.0,0.0
bank,19,3,exemplar_mismatch,r2_realistic,utility_router_no_shift,3,0.0,0.17320861975168333,0.0,0.0
bank,19,3,in_domain,r1_all_mutable,fixed_blend,3,0.09523809523809523,0.8182047729924431,2.5256257338749744,0.42380952380952386
bank,19,3,in_domain,r1_all_mutable,fixed_blend_no_repair,3,0.09523809523809523,0.8182047729924431,2.5256257338749744,0.42380952380952386
bank,19,3,in_domain,r1_all_mutable,knn_mean_k5,3,0.0,1.406379738505123,93.02598289691346,
bank,19,3,in_domain,r1_all_mutable,learned_alpha,3,0.3285714285714285,0.3723713065185359,421.2667116622923,0.3285714285714285
bank,19,3,in_domain,r1_all_mutable,learned_router,3,0.09523809523809523,0.745956450767709,2.3280430749109993,0.33333333333333337
bank,19,3,in_domain,r1_all_mutable,learned_router_no_geometry,3,0.28095238095238095,2.5339728403179422,371.1732132184044,0.1857142857142857
bank,19,3,in_domain,r1_all_mutable,learned_router_no_shift,3,0.09523809523809523,0.745956450767709,2.3280430749109993,0.33333333333333337
bank,19,3,in_domain,r1_all_mutable,nn_positive_train,3,0.0,1.087668851766547,93.31204429246456,
bank,19,3,in_domain,r1_all_mutable,projection_only,3,0.09047619047619046,0.03942483596789925,183.40801347271997,0.1857142857142857
bank,19,3,in_domain,r1_all_mutable,rule_router,3,0.09047619047619046,0.03942483596789925,183.40801347271997,0.1857142857142857
bank,19,3,in_domain,r1_all_mutable,safe_router,3,0.2857142857142857,1.47655752016892,93.63743284260195,0.23809523809523814
bank,19,3,in_domain,r1_all_mutable,utility_router,3,0.09523809523809523,0.745956450767709,2.3280430749109993,0.33333333333333337
bank,19,3,in_domain,r1_all_mutable,utility_router_guarded,3,0.09523809523809523,0.745956450767709,2.3280430749109993,0.33333333333333337
bank,19,3,in_domain,r1_all_mutable,utility_router_no_geometry,3,0.19047619047619047,0.9672855058491203,97.32580686837206,0.4714285714285715
bank,19,3,in_domain,r1_all_mutable,utility_router_no_shift,3,0.09523809523809523,0.745956450767709,2.3280430749109993,0.33333333333333337
bank,19,3,in_domain,r2_realistic,fixed_blend,3,0.0,0.17320861975168333,0.0,0.0
bank,19,3,in_domain,r2_realistic,fixed_blend_no_repair,3,0.0,0.17320861975168333,0.0,0.0
bank,19,3,in_domain,r2_realistic,knn_mean_k5,3,0.0,1.266354429329108,1.460155775846851,
bank,19,3,in_domain,r2_realistic,learned_alpha,3,0.0,0.17320861975168333,0.0,0.0
bank,19,3,in_domain,r2_realistic,learned_router,3,0.0,0.17320861975168333,0.0,0.0
bank,19,3,in_domain,r2_realistic,learned_router_no_geometry,3,0.0,0.17320861975168333,0.0,0.0
bank,19,3,in_domain,r2_realistic,learned_router_no_shift,3,0.0,0.17320861975168333,0.0,0.0
bank,19,3,in_domain,r2_realistic,nn_positive_train,3,0.0,1.42402605985688,1.4491952065911313,
bank,19,3,in_domain,r2_realistic,projection_only,3,0.0,0.17320861975168333,0.0,0.0
bank,19,3,in_domain,r2_realistic,rule_router,3,0.0,0.17320861975168333,0.0,0.0
bank,19,3,in_domain,r2_realistic,safe_router,3,0.0,0.17320861975168333,0.0,0.0
bank,19,3,in_domain,r2_realistic,utility_router,3,0.0,0.17320861975168333,0.0,0.0
bank,19,3,in_domain,r2_realistic,utility_router_guarded,3,0.0,0.17320861975168333,0.0,0.0
bank,19,3,in_domain,r2_realistic,utility_router_no_geometry,3,0.0,0.17320861975168333,0.0,0.0
bank,19,3,in_domain,r2_realistic,utility_router_no_shift,3,0.0,0.17320861975168333,0.0,0.0
german,7,3,covariate_shift,r1_all_mutable,fixed_blend,4,0.1987577639751552,0.5423448572805949,2.496578613292635,0.2608695652173913
german,7,3,covariate_shift,r1_all_mutable,fixed_blend_no_repair,4,0.1987577639751552,0.5423448572805949,2.496578613292635,0.2608695652173913
german,7,3,covariate_shift,r1_all_mutable,knn_mean_k5,4,0.0,1.2621770941345556,196.03402869540093,
german,7,3,covariate_shift,r1_all_mutable,learned_alpha,4,0.22857142857142865,1.2062443348739835,258.2393330854026,0.040843214756258295
german,7,3,covariate_shift,r1_all_mutable,learned_router,4,0.1987577639751552,0.7216283463435618,2.18593823801867,0.16363636363636364
german,7,3,covariate_shift,r1_all_mutable,learned_router_no_geometry,4,0.2770562770562771,2.008104637904287,171.02765853529013,0.22857142857142854
german,7,3,covariate_shift,r1_all_mutable,learned_router_no_shift,4,0.1987577639751552,0.7724055656999429,2.4883658376204156,0.19130434782608696
german,7,3,covariate_shift,r1_all_mutable,nn_positive_train,4,0.0,0.7155723840451298,196.6579568732361,
german,7,3,covariate_shift,r1_all_mutable,projection_only,4,0.2,0.034748824713401405,245.80371330717742,0.16450216450216448
german,7,3,covariate_shift,r1_all_mutable,rule_router,4,0.2,0.034748824713401405,245.80371330717742,0.16450216450216448
german,7,3,covariate_shift,r1_all_mutable,safe_router,4,0.3217391304347826,1.720381582207346,196.8507475959334,0.22857142857142854
german,7,3,covariate_shift,r1_all_mutable,utility_router,4,0.1987577639751552,2.5327806778956745,3.280466373987937,0.30434782608695654
german,7,3,covariate_shift,r1_all_mutable,utility_router_guarded,4,0.1987577639751552,2.5327806778956745,3.280466373987937,0.30434782608695654
german,7,3,covariate_shift,r1_all_mutable,utility_router_no_geometry,4,0.1987577639751552,0.5423448572805949,2.496578613292635,0.2608695652173913
german,7,3,covariate_shift,r1_all_mutable,utility_router_no_shift,4,0.1987577639751552,2.5327806778956745,3.280466373987937,0.30434782608695654
german,7,3,covariate_shift,r2_realistic,fixed_blend,4,0.0,0.3788248624371202,0.0,0.25454545454545463
german,7,3,covariate_shift,r2_realistic,fixed_blend_no_repair,4,0.0,0.3788248624371202,0.0,0.25454545454545463
german,7,3,covariate_shift,r2_realistic,knn_mean_k5,4,0.0,0.5177911408908304,0.6452990800397345,
german,7,3,covariate_shift,r2_realistic,learned_alpha,4,0.0,0.3788248624371202,0.0,0.25454545454545463
german,7,3,covariate_shift,r2_realistic,learned_router,4,0.0,0.3788248624371202,0.0,0.25454545454545463
german,7,3,covariate_shift,r2_realistic,learned_router_no_geometry,4,0.0,0.3788248624371202,0.0,0.25454545454545463
german,7,3,covariate_shift,r2_realistic,learned_router_no_shift,4,0.0,0.3788248624371202,0.0,0.25454545454545463
german,7,3,covariate_shift,r2_realistic,nn_positive_train,4,0.0,1.9891815875484902,1.7240749100020754,
german,7,3,covariate_shift,r2_realistic,projection_only,4,0.0,0.3788248624371202,0.0,0.25454545454545463
german,7,3,covariate_shift,r2_realistic,rule_router,4,0.0,0.3788248624371202,0.0,0.25454545454545463
german,7,3,covariate_shift,r2_realistic,safe_router,4,0.0,0.3788248624371202,0.0,0.25454545454545463
german,7,3,covariate_shift,r2_realistic,utility_router,4,0.0,0.3788248624371202,0.0,0.25454545454545463
german,7,3,covariate_shift,r2_realistic,utility_router_guarded,4,0.0,0.3788248624371202,0.0,0.25454545454545463
german,7,3,covariate_shift,r2_realistic,utility_router_no_geometry,4,0.0,0.3788248624371202,0.0,0.25454545454545463
german,7,3,covariate_shift,r2_realistic,utility_router_no_shift,4,0.0,0.3788248624371202,0.0,0.25454545454545463
german,7,3,exemplar_mismatch,r1_all_mutable,fixed_blend,4,0.1428571428571429,2.447209826113321,1.8666085442661622,0.2222222222222222
german,7,3,exemplar_mismatch,r1_all_mutable,fixed_blend_no_repair,4,0.1428571428571429,2.447209826113321,1.8666085442661622,0.2222222222222222
german,7,3,exemplar_mismatch,r1_all_mutable,knn_mean_k5,4,0.0,1.58406949634041,144.27069978166938,
german,7,3,exemplar_mismatch,r1_all_mutable,learned_alpha,4,0.2857142857142857,0.7566871561446356,220.81161155245996,0.5
german,7,3,exemplar_mismatch,r1_all_mutable,learned_router,4,0.1428571428571429,2.3369201804898685,2.0618642296522527,0.14732142857142855
german,7,3,exemplar_mismatch,r1_all_mutable,learned_router_no_geometry,4,0.2777777777777778,1.864612067290584,221.6023031013499,0.42857142857142855
german,7,3,exemplar_mismatch,r1_all_mutable,learned_router_no_shift,4,0.1428571428571429,2.3369201804898685,2.0618642296522527,0.14732142857142855
german,7,3,exemplar_mismatch,r1_all_mutable,nn_positive_train,4,0.0,3.2677665486108296,143.3985399180428,
german,7,3,exemplar_mismatch,r1_all_mutable,projection_only,4,0.20089285714285715,0.08788246151218765,103.95350350164938,0.16666666666666666
german,7,3,exemplar_mismatch,r1_all_mutable,rule_router,4,0.20089285714285715,0.08788246151218765,103.95350350164938,0.16666666666666666
german,7,3,exemplar_mismatch,r1_all_mutable,safe_router,4,0.7142857142857143,3.4827863559150636,142.21329379212423,0.11607142857142855
german,7,3,exemplar_mismatch,r1_all_mutable,utility_router,4,0.1428571428571429,2.5878532260071205,2.5163556919998404,0.052083333333333315
german,7,3,exemplar_mismatch,r1_all_mutable,utility_router_guarded,4,0.1428571428571429,2.5878532260071205,2.5163556919998404,0.052083333333333315
german,7,3,exemplar_mismatch,r1_all_mutable,utility_router_no_geometry,4,0.1428571428571429,2.447209826113321,1.8666085442661622,0.2222222222222222
german,7,3,exemplar_mismatch,r1_all_mutable,utility_router_no_shift,4,0.1428571428571429,2.5878532260071205,2.5163556919998404,0.052083333333333315
german,7,3,exemplar_mismatch,r2_realistic,fixed_blend,4,0.0,0.23080379817292285,0.0,0.19791666666666663
german,7,3,exemplar_mismatch,r2_realistic,fixed_blend_no_repair,4,0.0,0.23080379817292285,0.0,0.19791666666666663
german,7,3,exemplar_mismatch,r2_realistic,knn_mean_k5,4,0.0,3.087633940744853,3.0873256375487106,
german,7,3,exemplar_mismatch,r2_realistic,learned_alpha,4,0.0,0.23080379817292285,0.0,0.19791666666666663
german,7,3,exemplar_mismatch,r2_realistic,learned_router,4,0.0,0.23080379817292285,0.0,0.19791666666666663
german,7,3,exemplar_mismatch,r2_realistic,learned_router_no_geometry,4,0.0,0.23080379817292285,0.0,0.19791666666666663
german,7,3,exemplar_mismatch,r2_realistic,learned_router_no_shift,4,0.0,0.23080379817292285,0.0,0.19791666666666663
german,7,3,exemplar_mismatch,r2_realistic,nn_positive_train,4,0.0,3.4705251917707045,3.752640046026581,
german,7,3,exemplar_mismatch,r2_realistic,projection_only,4,0.0,0.23080379817292285,0.0,0.19791666666666663
german,7,3,exemplar_mismatch,r2_realistic,rule_router,4,0.0,0.23080379817292285,0.0,0.19791666666666663
german,7,3,exemplar_mismatch,r2_realistic,safe_router,4,0.0,0.23080379817292285,0.0,0.19791666666666663
german,7,3,exemplar_mismatch,r2_realistic,utility_router,4,0.0,0.23080379817292285,0.0,0.19791666666666663
german,7,3,exemplar_mismatch,r2_realistic,utility_router_guarded,4,0.0,0.23080379817292285,0.0,0.19791666666666663
german,7,3,exemplar_mismatch,r2_realistic,utility_router_no_geometry,4,0.0,0.23080379817292285,0.0,0.19791666666666663
german,7,3,exemplar_mismatch,r2_realistic,utility_router_no_shift,4,0.0,0.23080379817292285,0.0,0.19791666666666663
german,7,3,in_domain,r1_all_mutable,fixed_blend,4,0.1428571428571429,0.5313599716818427,2.5882844867755814,0.2857142857142857
german,7,3,in_domain,r1_all_mutable,fixed_blend_no_repair,4,0.1428571428571429,0.5313599716818427,2.5882844867755814,0.2857142857142857
german,7,3,in_domain,r1_all_mutable,knn_mean_k5,4,0.0,1.7780169753819237,144.30502275018557,
german,7,3,in_domain,r1_all_mutable,learned_alpha,4,0.4285714285714286,0.7067850520707233,284.67857971906875,0.53125
german,7,3,in_domain,r1_all_mutable,learned_router,4,0.1428571428571429,1.4632318069436936,2.50926451348784,0.23809523809523808
german,7,3,in_domain,r1_all_mutable,learned_router_no_geometry,4,0.2222222222222222,2.1404991716675603,221.73547238669653,0.5714285714285714
german,7,3,in_domain,r1_all_mutable,learned_router_no_shift,4,0.1428571428571429,1.4632318069436936,2.50926451348784,0.23809523809523808
german,7,3,in_domain,r1_all_mutable,nn_positive_train,4,0.0,0.7170615371029996,144.80184564790574,
german,7,3,in_domain,r1_all_mutable,projection_only,4,0.20089285714285715,0.08788246151218765,120.98309875903192,0.14583333333333331
german,7,3,in_domain,r1_all_mutable,rule_router,4,0.20089285714285715,0.08788246151218765,120.98309875903192,0.14583333333333331
german,7,3,in_domain,r1_all_mutable,safe_router,4,0.5714285714285714,1.7078715889669427,143.255270215335,0.23809523809523808
german,7,3,in_domain,r1_all_mutable,utility_router,4,0.1428571428571429,2.3809281552333568,2.744990380566167,0.16666666666666669
german,7,3,in_domain,r1_all_mutable,utility_router_guarded,4,0.1428571428571429,2.3809281552333568,2.744990380566167,0.16666666666666669
german,7,3,in_domain,r1_all_mutable,utility_router_no_geometry,4,0.1428571428571429,0.5313599716818427,2.5882844867755814,0.2857142857142857
german,7,3,in_domain,r1_all_mutable,utility_router_no_shift,4,0.1428571428571429,2.3809281552333568,2.744990380566167,0.16666666666666669
german,7,3,in_domain,r2_realistic,fixed_blend,4,0.0,0.23080379817292285,0.0,0.2534722222222222
german,7,3,in_domain,r2_realistic,fixed_blend_no_repair,4,0.0,0.23080379817292285,0.0,0.2534722222222222
german,7,3,in_domain,r2_realistic,knn_mean_k5,4,0.0,2.305346810281689,2.1747258526880806,
german,7,3,in_domain,r2_realistic,learned_alpha,4,0.0,0.23080379817292285,0.0,0.2534722222222222
german,7,3,in_domain,r2_realistic,learned_router,4,0.0,0.23080379817292285,0.0,0.2534722222222222
german,7,3,in_domain,r2_realistic,learned_router_no_geometry,4,0.0,0.23080379817292285,0.0,0.2534722222222222
german,7,3,in_domain,r2_realistic,learned_router_no_shift,4,0.0,0.23080379817292285,0.0,0.2534722222222222
german,7,3,in_domain,r2_realistic,nn_positive_train,4,0.0,1.352307734988516,1.535114403410173,
german,7,3,in_domain,r2_realistic,projection_only,4,0.0,0.23080379817292285,0.0,0.2534722222222222
german,7,3,in_domain,r2_realistic,rule_router,4,0.0,0.23080379817292285,0.0,0.2534722222222222
german,7,3,in_domain,r2_realistic,safe_router,4,0.0,0.23080379817292285,0.0,0.2534722222222222
german,7,3,in_domain,r2_realistic,utility_router,4,0.0,0.23080379817292285,0.0,0.2534722222222222
german,7,3,in_domain,r2_realistic,utility_router_guarded,4,0.0,0.23080379817292285,0.0,0.2534722222222222
german,7,3,in_domain,r2_realistic,utility_router_no_geometry,4,0.0,0.23080379817292285,0.0,0.2534722222222222
german,7,3,in_domain,r2_realistic,utility_router_no_shift,4,0.0,0.23080379817292285,0.0,0.2534722222222222
german,13,3,covariate_shift,r1_all_mutable,fixed_blend,4,0.0,0.25451951040665266,0.0,0.0
german,13,3,covariate_shift,r1_all_mutable,fixed_blend_no_repair,4,0.0,0.25451951040665266,0.0,0.0
german,13,3,covariate_shift,r1_all_mutable,knn_mean_k5,4,0.0,1.9137631725898991,1.5407135050213885,
german,13,3,covariate_shift,r1_all_mutable,learned_alpha,4,0.0,0.25451951040665266,0.0,0.0
german,13,3,covariate_shift,r1_all_mutable,learned_router,4,0.0,0.25451951040665266,0.0,0.0
german,13,3,covariate_shift,r1_all_mutable,learned_router_no_geometry,4,0.0,0.25451951040665266,0.0,0.0
german,13,3,covariate_shift,r1_all_mutable,learned_router_no_shift,4,0.0,0.25451951040665266,0.0,0.0
german,13,3,covariate_shift,r1_all_mutable,nn_positive_train,4,0.0,2.5451951040665275,2.2602835085068236,
german,13,3,covariate_shift,r1_all_mutable,projection_only,4,0.0,0.0,0.33963783955005056,0.0
german,13,3,covariate_shift,r1_all_mutable,rule_router,4,0.0,0.0,0.33963783955005056,0.0
german,13,3,covariate_shift,r1_all_mutable,safe_router,4,0.125,0.22759341611597095,0.014566186371986608,0.0
german,13,3,covariate_shift,r1_all_mutable,utility_router,4,0.0,0.25451951040665266,0.0,0.0
german,13,3,covariate_shift,r1_all_mutable,utility_router_guarded,4,0.0,0.25451951040665266,0.0,0.0
german,13,3,covariate_shift,r1_all_mutable,utility_router_no_geometry,4,0.0,0.25451951040665266,0.0,0.0
german,13,3,covariate_shift,r1_all_mutable,utility_router_no_shift,4,0.0,0.25451951040665266,0.0,0.0
german,13,3,covariate_shift,r2_realistic,fixed_blend,4,0.0,0.0,0.0,0.0
german,13,3,covariate_shift,r2_realistic,fixed_blend_no_repair,4,0.0,0.0,0.0,0.0
german,13,3,covariate_shift,r2_realistic,knn_mean_k5,4,0.0,2.028240627268481,2.1241785418168986,
german,13,3,covariate_shift,r2_realistic,learned_alpha,4,0.0,0.0,0.0,0.0
german,13,3,covariate_shift,r2_realistic,learned_router,4,0.0,0.0,0.0,0.0
german,13,3,covariate_shift,r2_realistic,learned_router_no_geometry,4,0.0,0.0,0.0,0.0
german,13,3,covariate_shift,r2_realistic,learned_router_no_shift,4,0.0,0.0,0.0,0.0
german,13,3,covariate_shift,r2_realistic,nn_positive_train,4,0.0,1.293999774884627,1.3340570928632296,
german,13,3,covariate_shift,r2_realistic,projection_only,4,0.0,0.0,0.0,0.0
german,13,3,covariate_shift,r2_realistic,rule_router,4,0.0,0.0,0.0,0.0
german,13,3,covariate_shift,r2_realistic,safe_router,4,0.0,0.0,0.0,0.0
german,13,3,covariate_shift,r2_realistic,utility_router,4,0.0,0.0,0.0,0.0
german,13,3,covariate_shift,r2_realistic,utility_router_guarded,4,0.0,0.0,0.0,0.0
german,13,3,covariate_shift,r2_realistic,utility_router_no_geometry,4,0.0,0.0,0.0,0.0
german,13,3,covariate_shift,r2_realistic,utility_router_no_shift,4,0.0,0.0,0.0,0.0
german,13,3,exemplar_mismatch,r1_all_mutable,fixed_blend,4,0.0,0.2321709351916723,0.0,0.0
german,13,3,exemplar_mismatch,r1_all_mutable,fixed_blend_no_repair,4,0.0,0.2321709351916723,0.0,0.0
german,13,3,exemplar_mismatch,r1_all_mutable,knn_mean_k5,4,0.0,2.915402451217769,2.8746471177707615,
german,13,3,exemplar_mismatch,r1_all_mutable,learned_alpha,4,0.0,0.2321709351916723,0.0,0.0
german,13,3,exemplar_mismatch,r1_all_mutable,learned_router,4,0.0,0.2321709351916723,0.0,0.0
german,13,3,exemplar_mismatch,r1_all_mutable,learned_router_no_geometry,4,0.0,0.2321709351916723,0.0,0.0
german,13,3,exemplar_mismatch,r1_all_mutable,learned_router_no_shift,4,0.0,0.2321709351916723,0.0,0.0
german,13,3,exemplar_mismatch,r1_all_mutable,nn_positive_train,4,0.0,2.321709351916722,2.120371049397903,
german,13,3,exemplar_mismatch,r1_all_mutable,projection_only,4,0.0,0.0,0.3618563272892743,0.0
german,13,3,exemplar_mismatch,r1_all_mutable,rule_router,4,0.0,0.0,0.3618563272892743,0.0
german,13,3,exemplar_mismatch,r1_all_mutable,safe_router,4,0.06521739130434778,0.17533253873329024,0.017329610049838,0.0
german,13,3,exemplar_mismatch,r1_all_mutable,utility_router,4,0.0,0.2321709351916723,0.0,0.0
german,13,3,exemplar_mismatch,r1_all_mutable,utility_router_guarded,4,0.0,0.2321709351916723,0.0,0.0
german,13,3,exemplar_mismatch,r1_all_mutable,utility_router_no_geometry,4,0.0,0.2321709351916723,0.0,0.0
german,13,3,exemplar_mismatch,r1_all_mutable,utility_router_no_shift,4,0.0,0.2321709351916723,0.0,0.0
german,13,3,exemplar_mismatch,r2_realistic,fixed_blend,4,0.0,0.0,0.0,0.0
german,13,3,exemplar_mismatch,r2_realistic,fixed_blend_no_repair,4,0.0,0.0,0.0,0.0
german,13,3,exemplar_mismatch,r2_realistic,knn_mean_k5,4,0.0,4.008870847145853,4.193608135469589,
german,13,3,exemplar_mismatch,r2_realistic,learned_alpha,4,0.0,0.0,0.0,0.0
german,13,3,exemplar_mismatch,r2_realistic,learned_router,4,0.0,0.0,0.0,0.0
german,13,3,exemplar_mismatch,r2_realistic,learned_router_no_geometry,4,0.0,0.0,0.0,0.0
german,13,3,exemplar_mismatch,r2_realistic,learned_router_no_shift,4,0.0,0.0,0.0,0.0
german,13,3,exemplar_mismatch,r2_realistic,nn_positive_train,4,0.0,2.4678651019903075,2.603451446987184,
german,13,3,exemplar_mismatch,r2_realistic,projection_only,4,0.0,0.0,0.0,0.0
german,13,3,exemplar_mismatch,r2_realistic,rule_router,4,0.0,0.0,0.0,0.0
german,13,3,exemplar_mismatch,r2_realistic,safe_router,4,0.0,0.0,0.0,0.0
german,13,3,exemplar_mismatch,r2_realistic,utility_router,4,0.0,0.0,0.0,0.0
german,13,3,exemplar_mismatch,r2_realistic,utility_router_guarded,4,0.0,0.0,0.0,0.0
german,13,3,exemplar_mismatch,r2_realistic,utility_router_no_geometry,4,0.0,0.0,0.0,0.0
german,13,3,exemplar_mismatch,r2_realistic,utility_router_no_shift,4,0.0,0.0,0.0,0.0
german,13,3,in_domain,r1_all_mutable,fixed_blend,4,0.0,0.22653468377521535,0.0,0.0
german,13,3,in_domain,r1_all_mutable,fixed_blend_no_repair,4,0.0,0.22653468377521535,0.0,0.0
german,13,3,in_domain,r1_all_mutable,knn_mean_k5,4,0.0,1.6457872953682902,1.3150019005981566,
german,13,3,in_domain,r1_all_mutable,learned_alpha,4,0.0,0.22653468377521535,0.0,0.0
german,13,3,in_domain,r1_all_mutable,learned_router,4,0.0,0.22653468377521535,0.0,0.0
german,13,3,in_domain,r1_all_mutable,learned_router_no_geometry,4,0.0,0.22653468377521535,0.0,0.0
german,13,3,in_domain,r1_all_mutable,learned_router_no_shift,4,0.0,0.22653468377521535,0.0,0.0
german,13,3,in_domain,r1_all_mutable,nn_positive_train,4,0.0,2.265346837752153,2.0474179222095064,
german,13,3,in_domain,r1_all_mutable,projection_only,4,0.0,0.0,0.3435985043282699,0.0
german,13,3,in_domain,r1_all_mutable,rule_router,4,0.0,0.0,0.3435985043282699,0.0
german,13,3,in_domain,r1_all_mutable,safe_router,4,0.021739130434782594,0.22653468377521535,0.007216605217964281,0.0
german,13,3,in_domain,r1_all_mutable,utility_router,4,0.0,0.22653468377521535,0.0,0.0
german,13,3,in_domain,r1_all_mutable,utility_router_guarded,4,0.0,0.22653468377521535,0.0,0.0
german,13,3,in_domain,r1_all_mutable,utility_router_no_geometry,4,0.0,0.22653468377521535,0.0,0.0
german,13,3,in_domain,r1_all_mutable,utility_router_no_shift,4,0.0,0.22653468377521535,0.0,0.0
german,13,3,in_domain,r2_realistic,fixed_blend,4,0.0,0.0,0.0,0.0
german,13,3,in_domain,r2_realistic,fixed_blend_no_repair,4,0.0,0.0,0.0,0.0
german,13,3,in_domain,r2_realistic,knn_mean_k5,4,0.0,2.562077475472595,2.6458037782411816,
german,13,3,in_domain,r2_realistic,learned_alpha,4,0.0,0.0,0.0,0.0
german,13,3,in_domain,r2_realistic,learned_router,4,0.0,0.0,0.0,0.0
german,13,3,in_domain,r2_realistic,learned_router_no_geometry,4,0.0,0.0,0.0,0.0
german,13,3,in_domain,r2_realistic,learned_router_no_shift,4,0.0,0.0,0.0,0.0
german,13,3,in_domain,r2_realistic,nn_positive_train,4,0.0,1.2700915795585104,1.3184366388022788,
german,13,3,in_domain,r2_realistic,projection_only,4,0.0,0.0,0.0,0.0
german,13,3,in_domain,r2_realistic,rule_router,4,0.0,0.0,0.0,0.0
german,13,3,in_domain,r2_realistic,safe_router,4,0.0,0.0,0.0,0.0
german,13,3,in_domain,r2_realistic,utility_router,4,0.0,0.0,0.0,0.0
german,13,3,in_domain,r2_realistic,utility_router_guarded,4,0.0,0.0,0.0,0.0
german,13,3,in_domain,r2_realistic,utility_router_no_geometry,4,0.0,0.0,0.0,0.0
german,13,3,in_domain,r2_realistic,utility_router_no_shift,4,0.0,0.0,0.0,0.0
german,19,3,covariate_shift,r1_all_mutable,fixed_blend,4,0.2857142857142857,0.21370168184056304,1.5302352461940005,0.13157894736842105
german,19,3,covariate_shift,r1_all_mutable,fixed_blend_no_repair,4,0.2857142857142857,0.21370168184056304,1.5302352461940005,0.13157894736842105
german,19,3,covariate_shift,r1_all_mutable,knn_mean_k5,4,0.0,0.48470685023867155,285.10557113164333,
german,19,3,covariate_shift,r1_all_mutable,learned_alpha,4,0.2857142857142857,0.3193859412411748,130.8002993668826,0.2857142857142857
german,19,3,covariate_shift,r1_all_mutable,learned_router,4,0.2857142857142857,1.860667830170371,1.8935141505997608,0.2857142857142857
german,19,3,covariate_shift,r1_all_mutable,learned_router_no_geometry,4,0.2857142857142857,1.860667830170371,1.8935141505997608,0.2857142857142857
german,19,3,covariate_shift,r1_all_mutable,learned_router_no_shift,4,0.2857142857142857,1.860667830170371,1.8935141505997608,0.2857142857142857
german,19,3,covariate_shift,r1_all_mutable,nn_positive_train,4,0.0,0.2708685165470168,285.1584934801787,
german,19,3,covariate_shift,r1_all_mutable,projection_only,4,0.0,0.021902355442404042,285.3200029831456,0.2857142857142857
german,19,3,covariate_shift,r1_all_mutable,rule_router,4,0.0,0.021902355442404042,285.3200029831456,0.2857142857142857
german,19,3,covariate_shift,r1_all_mutable,safe_router,4,0.3684210526315789,0.8471131105271672,285.4647056011538,0.2857142857142857
german,19,3,covariate_shift,r1_all_mutable,utility_router,4,0.2857142857142857,0.21370168184056304,1.5302352461940005,0.13157894736842105
german,19,3,covariate_shift,r1_all_mutable,utility_router_guarded,4,0.2857142857142857,0.21370168184056304,1.5302352461940005,0.13157894736842105
german,19,3,covariate_shift,r1_all_mutable,utility_router_no_geometry,4,0.2857142857142857,0.21370168184056304,1.5302352461940005,0.13157894736842105
german,19,3,covariate_shift,r1_all_mutable,utility_router_no_shift,4,0.2857142857142857,0.21370168184056304,1.5302352461940005,0.13157894736842105
german,19,3,covariate_shift,r2_realistic,fixed_blend,4,0.0,1.2456727707897546,4.400400066849319,0.3609022556390977
german,19,3,covariate_shift,r2_realistic,fixed_blend_no_repair,4,0.03125,1.2456727707897546,32.74852477345201,0.3609022556390977
german,19,3,covariate_shift,r2_realistic,knn_mean_k5,4,0.0,1.4760945137493096,4.0525677810929555,
german,19,3,covariate_shift,r2_realistic,learned_alpha,4,0.3609022556390978,0.17712667165690088,357.38515084588033,0.3609022556390978
german,19,3,covariate_shift,r2_realistic,learned_router,4,0.03125,2.50138756095604,31.727031560266518,0.3157894736842105
german,19,3,covariate_shift,r2_realistic,learned_router_no_geometry,4,0.048872180451127845,1.3359465934875399,46.92049213557161,0.32142857142857145
german,19,3,covariate_shift,r2_realistic,learned_router_no_shift,4,0.03125,2.50138756095604,31.727031560266518,0.3157894736842105
german,19,3,covariate_shift,r2_realistic,nn_positive_train,4,0.0,1.3424324995898687,4.712566596287049,
german,19,3,covariate_shift,r2_realistic,projection_only,4,0.35714285714285715,0.23292442674317848,356.0513650417181,0.35714285714285715
german,19,3,covariate_shift,r2_realistic,rule_router,4,0.35714285714285715,0.23292442674317848,356.0513650417181,0.35714285714285715
german,19,3,covariate_shift,r2_realistic,safe_router,4,0.2857142857142857,1.6011570133510036,2.2267577139719026,0.3157894736842105
german,19,3,covariate_shift,r2_realistic,utility_router,4,0.0,2.50138756095604,2.571690639585589,0.3157894736842105
german,19,3,covariate_shift,r2_realistic,utility_router_guarded,4,0.0,2.50138756095604,2.571690639585589,0.3157894736842105
german,19,3,covariate_shift,r2_realistic,utility_router_no_geometry,4,0.03125,0.584661711637386,31.435674616478202,0.28195488721804507
german,19,3,covariate_shift,r2_realistic,utility_router_no_shift,4,0.0,2.50138756095604,2.571690639585589,0.3157894736842105
german,19,3,exemplar_mismatch,r1_all_mutable,fixed_blend,4,0.0,1.8901726055881358,4.16816483077976,0.3846153846153846
german,19,3,exemplar_mismatch,r1_all_mutable,fixed_blend_no_repair,4,0.0,1.8901726055881358,4.16816483077976,0.3846153846153846
german,19,3,exemplar_mismatch,r1_all_mutable,knn_mean_k5,4,0.0,2.8488782762653777,4.925142966812498,
german,19,3,exemplar_mismatch,r1_all_mutable,learned_alpha,4,0.3846153846153846,0.3392503073868649,381.7507304401794,0.3846153846153846
german,19,3,exemplar_mismatch,r1_all_mutable,learned_router,4,0.0,1.8901726055881358,4.16816483077976,0.3846153846153846
german,19,3,exemplar_mismatch,r1_all_mutable,learned_router_no_geometry,4,0.0,1.8901726055881358,4.16816483077976,0.3846153846153846
german,19,3,exemplar_mismatch,r1_all_mutable,learned_router_no_shift,4,0.0,1.8901726055881358,4.16816483077976,0.3846153846153846
german,19,3,exemplar_mismatch,r1_all_mutable,nn_positive_train,4,0.0,2.47993250350855,4.676282532957725,
german,19,3,exemplar_mismatch,r1_all_mutable,projection_only,4,0.0,0.10012549952850475,2.56979409466544,0.0
german,19,3,exemplar_mismatch,r1_all_mutable,rule_router,4,0.0,0.10012549952850475,2.56979409466544,0.0
german,19,3,exemplar_mismatch,r1_all_mutable,safe_router,4,0.40476190476190477,1.0606847282835528,2.24299035786528,0.3846153846153846
german,19,3,exemplar_mismatch,r1_all_mutable,utility_router,4,0.0,1.8901726055881358,4.16816483077976,0.3846153846153846
german,19,3,exemplar_mismatch,r1_all_mutable,utility_router_guarded,4,0.0,1.8901726055881358,4.16816483077976,0.3846153846153846
german,19,3,exemplar_mismatch,r1_all_mutable,utility_router_no_geometry,4,0.0,1.8901726055881358,4.16816483077976,0.3846153846153846
german,19,3,exemplar_mismatch,r1_all_mutable,utility_router_no_shift,4,0.0,1.8901726055881358,4.16816483077976,0.3846153846153846
german,19,3,exemplar_mismatch,r2_realistic,fixed_blend,4,0.0,2.2889955769397154,2.5255570007023787,0.11538461538461536
german,19,3,exemplar_mismatch,r2_realistic,fixed_blend_no_repair,4,0.0,2.2889955769397154,2.5255570007023787,0.11538461538461536
german,19,3,exemplar_mismatch,r2_realistic,knn_mean_k5,4,0.0,3.233144998111287,3.6853428760404707,
german,19,3,exemplar_mismatch,r2_realistic,learned_alpha,4,0.11538461538461542,0.49686191893022724,115.14939851046444,0.11538461538461542
german,19,3,exemplar_mismatch,r2_realistic,learned_router,4,0.0,2.9186755639514406,3.1487871529238802,0.4285714285714286
german,19,3,exemplar_mismatch,r2_realistic,learned_router_no_geometry,4,0.33333333333333337,2.259600166007207,331.5410932615331,0.6071428571428572
german,19,3,exemplar_mismatch,r2_realistic,learned_router_no_shift,4,0.0,2.9186755639514406,3.1487871529238802,0.4285714285714286
german,19,3,exemplar_mismatch,r2_realistic,nn_positive_train,4,0.0,2.424776243954085,2.414397713414013,
german,19,3,exemplar_mismatch,r2_realistic,projection_only,4,0.35714285714285715,0.5011543702579159,357.40210399725174,0.35714285714285715
german,19,3,exemplar_mismatch,r2_realistic,rule_router,4,0.35714285714285715,0.5011543702579159,357.40210399725174,0.35714285714285715
german,19,3,exemplar_mismatch,r2_realistic,safe_router,4,0.43333333333333335,0.8300428656330565,2.009603060342362,0.4285714285714286
german,19,3,exemplar_mismatch,r2_realistic,utility_router,4,0.0,2.9186755639514406,3.1487871529238802,0.4285714285714286
german,19,3,exemplar_mismatch,r2_realistic,utility_router_guarded,4,0.0,2.9186755639514406,3.1487871529238802,0.4285714285714286
german,19,3,exemplar_mismatch,r2_realistic,utility_router_no_geometry,4,0.06666666666666665,2.14576793666493,68.1111698837017,0.11538461538461536
german,19,3,exemplar_mismatch,r2_realistic,utility_router_no_shift,4,0.0,2.9186755639514406,3.1487871529238802,0.4285714285714286
german,19,3,in_domain,r1_all_mutable,fixed_blend,4,0.038461538461538436,0.2632749294994152,0.33462862421862294,0.10714285714285715
german,19,3,in_domain,r1_all_mutable,fixed_blend_no_repair,4,0.038461538461538436,0.2632749294994152,0.33462862421862294,0.10714285714285715
german,19,3,in_domain,r1_all_mutable,knn_mean_k5,4,0.0,0.5073832283011068,38.8261942176657,
german,19,3,in_domain,r1_all_mutable,learned_alpha,4,0.12637362637362637,0.07188149442703096,106.86951276564002,0.12637362637362637
german,19,3,in_domain,r1_all_mutable,learned_router,4,0.038461538461538436,0.2632749294994152,0.33462862421862294,0.12637362637362637
german,19,3,in_domain,r1_all_mutable,learned_router_no_geometry,4,0.038461538461538436,0.2632749294994152,0.33462862421862294,0.12637362637362637
german,19,3,in_domain,r1_all_mutable,learned_router_no_shift,4,0.038461538461538436,0.2632749294994152,0.33462862421862294,0.12637362637362637
german,19,3,in_domain,r1_all_mutable,nn_positive_train,4,0.0,0.3882063989520237,38.50677889981068,
german,19,3,in_domain,r1_all_mutable,projection_only,4,0.0,0.10012549952850475,38.748093475268206,0.038461538461538464
german,19,3,in_domain,r1_all_mutable,rule_router,4,0.0,0.10012549952850475,38.748093475268206,0.038461538461538464
german,19,3,in_domain,r1_all_mutable,safe_router,4,0.3214285714285714,1.329794811704125,38.75797895185084,0.12637362637362637
german,19,3,in_domain,r1_all_mutable,utility_router,4,0.038461538461538436,0.2632749294994152,0.33462862421862294,0.10714285714285715
german,19,3,in_domain,r1_all_mutable,utility_router_guarded,4,0.038461538461538436,0.2632749294994152,0.33462862421862294,0.10714285714285715
german,19,3,in_domain,r1_all_mutable,utility_router_no_geometry,4,0.038461538461538436,0.2632749294994152,0.33462862421862294,0.10714285714285715
german,19,3,in_domain,r1_all_mutable,utility_router_no_shift,4,0.038461538461538436,0.2632749294994152,0.33462862421862294,0.10714285714285715
german,19,3,in_domain,r2_realistic,fixed_blend,4,0.0,1.0994908940607946,2.341621860278375,0.21666666666666667
german,19,3,in_domain,r2_realistic,fixed_blend_no_repair,4,0.0,1.0994908940607946,2.341621860278375,0.21666666666666667
german,19,3,in_domain,r2_realistic,knn_mean_k5,4,0.0,1.3495420791597574,2.705934807218768,
german,19,3,in_domain,r2_realistic,learned_alpha,4,0.21666666666666667,0.46230360377049284,214.6545271539118,0.21666666666666667
german,19,3,in_domain,r2_realistic,learned_router,4,0.0,1.3957216225998463,1.7270765900038039,0.19780219780219788
german,19,3,in_domain,r2_realistic,learned_router_no_geometry,4,0.4,3.985187360665646,393.8990655024772,0.35714285714285715
german,19,3,in_domain,r2_realistic,learned_router_no_shift,4,0.0,1.3957216225998463,1.7270765900038039,0.19780219780219788
german,19,3,in_domain,r2_realistic,nn_positive_train,4,0.0,1.2979084987022258,2.505822765345399,
german,19,3,in_domain,r2_realistic,projection_only,4,0.35714285714285715,0.5011543702579159,354.88577147787726,0.35714285714285715
german,19,3,in_domain,r2_realistic,rule_router,4,0.35714285714285715,0.5011543702579159,354.88577147787726,0.35714285714285715
german,19,3,in_domain,r2_realistic,safe_router,4,0.050000000000000044,1.5583779896382612,2.124273906195281,0.19780219780219788
german,19,3,in_domain,r2_realistic,utility_router,4,0.0,1.3957216225998463,1.4880863810009366,0.1785714285714286
german,19,3,in_domain,r2_realistic,utility_router_guarded,4,0.0,1.3957216225998463,1.4880863810009366,0.1785714285714286
german,19,3,in_domain,r2_realistic,utility_router_no_geometry,4,0.0,1.0994908940607946,2.7013738695393417,0.25
german,19,3,in_domain,r2_realistic,utility_router_no_shift,4,0.0,1.3957216225998463,1.4880863810009366,0.1785714285714286
